{
  "type": "FeatureCollection",
  "metadata": {
    "label": "Canada raised crosswalks",
    "description": "Non-exhaustive municipal inventory records explicitly identifying in-service raised crosswalks. No OSM-derived or inferred crossings; not independently field verified.",
    "generated_at": "2026-09-08T22:42:32.465942+00:00",
    "coverage": "Canada scope; current municipal coverage: Halifax, Surrey and Kitchener only. Absence is not evidence that a municipality has no raised crosswalks.",
    "feature_type": "raised_crosswalk",
    "inclusion_policy": "municipal_explicit_raised_crosswalk_in_service_v1",
    "excluded": [
      "OSM-derived records",
      "generic speed tables",
      "speed humps",
      "raised intersections",
      "textured crosswalks without an explicit raised classification",
      "proposed, removed or unknown-status assets",
      "sources without reviewed reuse terms"
    ],
    "counts": {
      "authoritative_inventory": 114,
      "total": 114,
      "municipal_source_records": 115,
      "duplicate_records_collapsed": 1,
      "by_municipality": {
        "City of Kitchener": 37,
        "City of Surrey": 67,
        "Halifax Regional Municipality": 10
      }
    },
    "sources": [
      {
        "name": "Halifax Regional Municipality",
        "url": "https://data-hrm.hub.arcgis.com/datasets/traffic-calming-infrastructure",
        "layer_url": "https://services2.arcgis.com/11XBiaBYA9Ep0yNJ/arcgis/rest/services/Traffic_Calming_Infrastructure/FeatureServer/0",
        "filter": "ASSETCODE='RSDCRW' AND ASSETSTAT='INS'",
        "licence": "Open Government Licence — Halifax",
        "licence_url": "https://www.halifax.ca/home/open-data/open-data-licence",
        "attribution": "Contains information licensed under the Open Government Licence – Halifax.",
        "retrieved_at": "2026-09-08T22:42:31.686206+00:00",
        "count": 10,
        "raw_record_count": 10,
        "duplicate_records_collapsed": 0,
        "records_sha256": "0e8ac7ac6a9beef96f32b298860bb97d3707eb94fbdbf7116502ac8e465a27c5"
      },
      {
        "name": "City of Surrey",
        "url": "https://www.arcgis.com/home/item.html?id=9dd77c3dbf544a1989ca0f95371b6da1",
        "layer_url": "https://gisservices.surrey.ca/arcgis/rest/services/OpenData/MapServer/116",
        "filter": "DEVICE_TYPE2='Raised Crossing' AND STATUS='In Service'",
        "licence": "Open Government License — City of Surrey",
        "licence_url": "https://opendata-surrey.hub.arcgis.com/pages/55089a19491a4fe59a41e059fd8af708",
        "attribution": "Contains information licensed under the Open Government License – City of Surrey.",
        "retrieved_at": "2026-09-08T22:42:31.905540+00:00",
        "count": 67,
        "raw_record_count": 68,
        "duplicate_records_collapsed": 1,
        "records_sha256": "677cd1e3bd90ac6b60e01119542b4aed8853ff66c40fa8dc5621ca1b29ff8fbc"
      },
      {
        "name": "City of Kitchener",
        "url": "https://www.arcgis.com/home/item.html?id=2751362c6d5046d997fe166aa6f6e11a",
        "layer_url": "https://services1.arcgis.com/qAo1OsXi67t7XgmS/arcgis/rest/services/Traffic_Calming/FeatureServer/0",
        "filter": "CATEGORY='RAISED CROSSWALK' AND STATUS='ACTIVE'",
        "licence": "Open Government Licence — The Corporation of the City of Kitchener",
        "licence_url": "https://www.arcgis.com/home/item.html?id=2751362c6d5046d997fe166aa6f6e11a",
        "attribution": "Contains information licensed under the Open Government Licence - The Corporation of the City of Kitchener.",
        "retrieved_at": "2026-09-08T22:42:32.465650+00:00",
        "count": 37,
        "raw_record_count": 37,
        "duplicate_records_collapsed": 0,
        "records_sha256": "0219def64b19318f2d5114a7b76731c933e85a9da91e300d36956fc2a56ba3d2"
      }
    ]
  },
  "features": [
    {
      "type": "Feature",
      "id": "halifax:TRCLM1001",
      "geometry": {
        "type": "Point",
        "coordinates": [
          -63.67548526936228,
          44.69480826671646
        ]
      },
      "properties": {
        "name": "Raised crosswalk — Starboard Drive",
        "feature_type": "raised_crosswalk",
        "source": "Halifax Regional Municipality",
        "source_id": "TRCLM1001",
        "source_url": "https://data-hrm.hub.arcgis.com/datasets/traffic-calming-infrastructure",
        "source_id_basis": "municipal_asset_id",
        "duplicate_source_records": [],
        "source_layer_url": "https://services2.arcgis.com/11XBiaBYA9Ep0yNJ/arcgis/rest/services/Traffic_Calming_Infrastructure/FeatureServer/0",
        "source_attributes": {
          "OBJECTID": 536,
          "ASSETID": "TRCLM1001",
          "ASSETCODE": "RSDCRW",
          "ASSETSTAT": "INS",
          "LOCATION": "Starboard Drive",
          "INSTYR": 2023
        },
        "source_geometry": {
          "type": "Point",
          "coordinates": [
            -63.67548526936228,
            44.69480826671646
          ]
        },
        "source_geometry_crs": "EPSG:4326",
        "evidence": "authoritative_inventory",
        "verification": "municipal_record_not_field_verified",
        "status": "in_service",
        "licence": "Open Government Licence — Halifax",
        "licence_url": "https://www.halifax.ca/home/open-data/open-data-licence",
        "attribution": "Contains information licensed under the Open Government Licence – Halifax.",
        "municipality": "Halifax Regional Municipality",
        "province": "NS",
        "install_year": 2023
      }
    },
    {
      "type": "Feature",
      "id": "halifax:TRCLM1018",
      "geometry": {
        "type": "Point",
        "coordinates": [
          -63.484186840414665,
          44.68779653675723
        ]
      },
      "properties": {
        "name": "Raised crosswalk — AUBURN DR",
        "feature_type": "raised_crosswalk",
        "source": "Halifax Regional Municipality",
        "source_id": "TRCLM1018",
        "source_url": "https://data-hrm.hub.arcgis.com/datasets/traffic-calming-infrastructure",
        "source_id_basis": "municipal_asset_id",
        "duplicate_source_records": [],
        "source_layer_url": "https://services2.arcgis.com/11XBiaBYA9Ep0yNJ/arcgis/rest/services/Traffic_Calming_Infrastructure/FeatureServer/0",
        "source_attributes": {
          "OBJECTID": 713,
          "ASSETID": "TRCLM1018",
          "ASSETCODE": "RSDCRW",
          "ASSETSTAT": "INS",
          "LOCATION": "AUBURN DR",
          "INSTYR": 2022
        },
        "source_geometry": {
          "type": "Point",
          "coordinates": [
            -63.484186840414665,
            44.68779653675723
          ]
        },
        "source_geometry_crs": "EPSG:4326",
        "evidence": "authoritative_inventory",
        "verification": "municipal_record_not_field_verified",
        "status": "in_service",
        "licence": "Open Government Licence — Halifax",
        "licence_url": "https://www.halifax.ca/home/open-data/open-data-licence",
        "attribution": "Contains information licensed under the Open Government Licence – Halifax.",
        "municipality": "Halifax Regional Municipality",
        "province": "NS",
        "install_year": 2022
      }
    },
    {
      "type": "Feature",
      "id": "halifax:TRCLM1021",
      "geometry": {
        "type": "Point",
        "coordinates": [
          -63.68102950690415,
          44.69573484231504
        ]
      },
      "properties": {
        "name": "Raised crosswalk — Starboard Drive",
        "feature_type": "raised_crosswalk",
        "source": "Halifax Regional Municipality",
        "source_id": "TRCLM1021",
        "source_url": "https://data-hrm.hub.arcgis.com/datasets/traffic-calming-infrastructure",
        "source_id_basis": "municipal_asset_id",
        "duplicate_source_records": [],
        "source_layer_url": "https://services2.arcgis.com/11XBiaBYA9Ep0yNJ/arcgis/rest/services/Traffic_Calming_Infrastructure/FeatureServer/0",
        "source_attributes": {
          "OBJECTID": 1181,
          "ASSETID": "TRCLM1021",
          "ASSETCODE": "RSDCRW",
          "ASSETSTAT": "INS",
          "LOCATION": "Starboard Drive",
          "INSTYR": 2023
        },
        "source_geometry": {
          "type": "Point",
          "coordinates": [
            -63.68102950690415,
            44.69573484231504
          ]
        },
        "source_geometry_crs": "EPSG:4326",
        "evidence": "authoritative_inventory",
        "verification": "municipal_record_not_field_verified",
        "status": "in_service",
        "licence": "Open Government Licence — Halifax",
        "licence_url": "https://www.halifax.ca/home/open-data/open-data-licence",
        "attribution": "Contains information licensed under the Open Government Licence – Halifax.",
        "municipality": "Halifax Regional Municipality",
        "province": "NS",
        "install_year": 2023
      }
    },
    {
      "type": "Feature",
      "id": "halifax:TRCLM1260",
      "geometry": {
        "type": "Point",
        "coordinates": [
          -63.688665540755395,
          44.78875623186797
        ]
      },
      "properties": {
        "name": "Raised crosswalk — Stokil Drive",
        "feature_type": "raised_crosswalk",
        "source": "Halifax Regional Municipality",
        "source_id": "TRCLM1260",
        "source_url": "https://data-hrm.hub.arcgis.com/datasets/traffic-calming-infrastructure",
        "source_id_basis": "municipal_asset_id",
        "duplicate_source_records": [],
        "source_layer_url": "https://services2.arcgis.com/11XBiaBYA9Ep0yNJ/arcgis/rest/services/Traffic_Calming_Infrastructure/FeatureServer/0",
        "source_attributes": {
          "OBJECTID": 1203,
          "ASSETID": "TRCLM1260",
          "ASSETCODE": "RSDCRW",
          "ASSETSTAT": "INS",
          "LOCATION": "Stokil Drive",
          "INSTYR": 2024
        },
        "source_geometry": {
          "type": "Point",
          "coordinates": [
            -63.688665540755395,
            44.78875623186797
          ]
        },
        "source_geometry_crs": "EPSG:4326",
        "evidence": "authoritative_inventory",
        "verification": "municipal_record_not_field_verified",
        "status": "in_service",
        "licence": "Open Government Licence — Halifax",
        "licence_url": "https://www.halifax.ca/home/open-data/open-data-licence",
        "attribution": "Contains information licensed under the Open Government Licence – Halifax.",
        "municipality": "Halifax Regional Municipality",
        "province": "NS",
        "install_year": 2024
      }
    },
    {
      "type": "Feature",
      "id": "halifax:TRCLM1297",
      "geometry": {
        "type": "Point",
        "coordinates": [
          -63.64072751604856,
          44.65954406944099
        ]
      },
      "properties": {
        "name": "Raised crosswalk — Glenforest Dr",
        "feature_type": "raised_crosswalk",
        "source": "Halifax Regional Municipality",
        "source_id": "TRCLM1297",
        "source_url": "https://data-hrm.hub.arcgis.com/datasets/traffic-calming-infrastructure",
        "source_id_basis": "municipal_asset_id",
        "duplicate_source_records": [],
        "source_layer_url": "https://services2.arcgis.com/11XBiaBYA9Ep0yNJ/arcgis/rest/services/Traffic_Calming_Infrastructure/FeatureServer/0",
        "source_attributes": {
          "OBJECTID": 1841,
          "ASSETID": "TRCLM1297",
          "ASSETCODE": "RSDCRW",
          "ASSETSTAT": "INS",
          "LOCATION": "Glenforest Dr",
          "INSTYR": 2024
        },
        "source_geometry": {
          "type": "Point",
          "coordinates": [
            -63.64072751604856,
            44.65954406944099
          ]
        },
        "source_geometry_crs": "EPSG:4326",
        "evidence": "authoritative_inventory",
        "verification": "municipal_record_not_field_verified",
        "status": "in_service",
        "licence": "Open Government Licence — Halifax",
        "licence_url": "https://www.halifax.ca/home/open-data/open-data-licence",
        "attribution": "Contains information licensed under the Open Government Licence – Halifax.",
        "municipality": "Halifax Regional Municipality",
        "province": "NS",
        "install_year": 2024
      }
    },
    {
      "type": "Feature",
      "id": "halifax:TRCLM2593",
      "geometry": {
        "type": "Point",
        "coordinates": [
          -63.59834518420013,
          44.66056637413118
        ]
      },
      "properties": {
        "name": "Raised crosswalk — ISLEVILLE ST",
        "feature_type": "raised_crosswalk",
        "source": "Halifax Regional Municipality",
        "source_id": "TRCLM2593",
        "source_url": "https://data-hrm.hub.arcgis.com/datasets/traffic-calming-infrastructure",
        "source_id_basis": "municipal_asset_id",
        "duplicate_source_records": [],
        "source_layer_url": "https://services2.arcgis.com/11XBiaBYA9Ep0yNJ/arcgis/rest/services/Traffic_Calming_Infrastructure/FeatureServer/0",
        "source_attributes": {
          "OBJECTID": 511,
          "ASSETID": "TRCLM2593",
          "ASSETCODE": "RSDCRW",
          "ASSETSTAT": "INS",
          "LOCATION": "ISLEVILLE ST",
          "INSTYR": 2025
        },
        "source_geometry": {
          "type": "Point",
          "coordinates": [
            -63.59834518420013,
            44.66056637413118
          ]
        },
        "source_geometry_crs": "EPSG:4326",
        "evidence": "authoritative_inventory",
        "verification": "municipal_record_not_field_verified",
        "status": "in_service",
        "licence": "Open Government Licence — Halifax",
        "licence_url": "https://www.halifax.ca/home/open-data/open-data-licence",
        "attribution": "Contains information licensed under the Open Government Licence – Halifax.",
        "municipality": "Halifax Regional Municipality",
        "province": "NS",
        "install_year": 2025
      }
    },
    {
      "type": "Feature",
      "id": "halifax:TRCLM599",
      "geometry": {
        "type": "Point",
        "coordinates": [
          -63.491377395224944,
          44.66617732760295
        ]
      },
      "properties": {
        "name": "Raised crosswalk — COLBY DR",
        "feature_type": "raised_crosswalk",
        "source": "Halifax Regional Municipality",
        "source_id": "TRCLM599",
        "source_url": "https://data-hrm.hub.arcgis.com/datasets/traffic-calming-infrastructure",
        "source_id_basis": "municipal_asset_id",
        "duplicate_source_records": [],
        "source_layer_url": "https://services2.arcgis.com/11XBiaBYA9Ep0yNJ/arcgis/rest/services/Traffic_Calming_Infrastructure/FeatureServer/0",
        "source_attributes": {
          "OBJECTID": 1123,
          "ASSETID": "TRCLM599",
          "ASSETCODE": "RSDCRW",
          "ASSETSTAT": "INS",
          "LOCATION": "COLBY DR",
          "INSTYR": 2022
        },
        "source_geometry": {
          "type": "Point",
          "coordinates": [
            -63.491377395224944,
            44.66617732760295
          ]
        },
        "source_geometry_crs": "EPSG:4326",
        "evidence": "authoritative_inventory",
        "verification": "municipal_record_not_field_verified",
        "status": "in_service",
        "licence": "Open Government Licence — Halifax",
        "licence_url": "https://www.halifax.ca/home/open-data/open-data-licence",
        "attribution": "Contains information licensed under the Open Government Licence – Halifax.",
        "municipality": "Halifax Regional Municipality",
        "province": "NS",
        "install_year": 2022
      }
    },
    {
      "type": "Feature",
      "id": "halifax:TRCLM692",
      "geometry": {
        "type": "Point",
        "coordinates": [
          -63.67916704240201,
          44.70371798575147
        ]
      },
      "properties": {
        "name": "Raised crosswalk — SOUTHGATE DR",
        "feature_type": "raised_crosswalk",
        "source": "Halifax Regional Municipality",
        "source_id": "TRCLM692",
        "source_url": "https://data-hrm.hub.arcgis.com/datasets/traffic-calming-infrastructure",
        "source_id_basis": "municipal_asset_id",
        "duplicate_source_records": [],
        "source_layer_url": "https://services2.arcgis.com/11XBiaBYA9Ep0yNJ/arcgis/rest/services/Traffic_Calming_Infrastructure/FeatureServer/0",
        "source_attributes": {
          "OBJECTID": 601,
          "ASSETID": "TRCLM692",
          "ASSETCODE": "RSDCRW",
          "ASSETSTAT": "INS",
          "LOCATION": "SOUTHGATE DR",
          "INSTYR": 2022
        },
        "source_geometry": {
          "type": "Point",
          "coordinates": [
            -63.67916704240201,
            44.70371798575147
          ]
        },
        "source_geometry_crs": "EPSG:4326",
        "evidence": "authoritative_inventory",
        "verification": "municipal_record_not_field_verified",
        "status": "in_service",
        "licence": "Open Government Licence — Halifax",
        "licence_url": "https://www.halifax.ca/home/open-data/open-data-licence",
        "attribution": "Contains information licensed under the Open Government Licence – Halifax.",
        "municipality": "Halifax Regional Municipality",
        "province": "NS",
        "install_year": 2022
      }
    },
    {
      "type": "Feature",
      "id": "halifax:TRCLM714",
      "geometry": {
        "type": "Point",
        "coordinates": [
          -63.4869974524447,
          44.67750817017443
        ]
      },
      "properties": {
        "name": "Raised crosswalk — ARKLOW DR",
        "feature_type": "raised_crosswalk",
        "source": "Halifax Regional Municipality",
        "source_id": "TRCLM714",
        "source_url": "https://data-hrm.hub.arcgis.com/datasets/traffic-calming-infrastructure",
        "source_id_basis": "municipal_asset_id",
        "duplicate_source_records": [],
        "source_layer_url": "https://services2.arcgis.com/11XBiaBYA9Ep0yNJ/arcgis/rest/services/Traffic_Calming_Infrastructure/FeatureServer/0",
        "source_attributes": {
          "OBJECTID": 1709,
          "ASSETID": "TRCLM714",
          "ASSETCODE": "RSDCRW",
          "ASSETSTAT": "INS",
          "LOCATION": "ARKLOW DR",
          "INSTYR": 2022
        },
        "source_geometry": {
          "type": "Point",
          "coordinates": [
            -63.4869974524447,
            44.67750817017443
          ]
        },
        "source_geometry_crs": "EPSG:4326",
        "evidence": "authoritative_inventory",
        "verification": "municipal_record_not_field_verified",
        "status": "in_service",
        "licence": "Open Government Licence — Halifax",
        "licence_url": "https://www.halifax.ca/home/open-data/open-data-licence",
        "attribution": "Contains information licensed under the Open Government Licence – Halifax.",
        "municipality": "Halifax Regional Municipality",
        "province": "NS",
        "install_year": 2022
      }
    },
    {
      "type": "Feature",
      "id": "halifax:TRCLM976",
      "geometry": {
        "type": "Point",
        "coordinates": [
          -63.66736233605062,
          44.697262744243176
        ]
      },
      "properties": {
        "name": "Raised crosswalk — Starboard Drive",
        "feature_type": "raised_crosswalk",
        "source": "Halifax Regional Municipality",
        "source_id": "TRCLM976",
        "source_url": "https://data-hrm.hub.arcgis.com/datasets/traffic-calming-infrastructure",
        "source_id_basis": "municipal_asset_id",
        "duplicate_source_records": [],
        "source_layer_url": "https://services2.arcgis.com/11XBiaBYA9Ep0yNJ/arcgis/rest/services/Traffic_Calming_Infrastructure/FeatureServer/0",
        "source_attributes": {
          "OBJECTID": 159,
          "ASSETID": "TRCLM976",
          "ASSETCODE": "RSDCRW",
          "ASSETSTAT": "INS",
          "LOCATION": "Starboard Drive",
          "INSTYR": 2023
        },
        "source_geometry": {
          "type": "Point",
          "coordinates": [
            -63.66736233605062,
            44.697262744243176
          ]
        },
        "source_geometry_crs": "EPSG:4326",
        "evidence": "authoritative_inventory",
        "verification": "municipal_record_not_field_verified",
        "status": "in_service",
        "licence": "Open Government Licence — Halifax",
        "licence_url": "https://www.halifax.ca/home/open-data/open-data-licence",
        "attribution": "Contains information licensed under the Open Government Licence – Halifax.",
        "municipality": "Halifax Regional Municipality",
        "province": "NS",
        "install_year": 2023
      }
    },
    {
      "type": "Feature",
      "id": "kitchener:1102859",
      "geometry": {
        "type": "Point",
        "coordinates": [
          -80.43913007837415,
          43.3789346006727
        ]
      },
      "properties": {
        "name": "Raised crosswalk — ROBERT FERRIE DR",
        "feature_type": "raised_crosswalk",
        "source": "City of Kitchener",
        "source_id": "1102859",
        "source_url": "https://www.arcgis.com/home/item.html?id=2751362c6d5046d997fe166aa6f6e11a",
        "source_id_basis": "municipal_asset_id",
        "duplicate_source_records": [],
        "source_layer_url": "https://services1.arcgis.com/qAo1OsXi67t7XgmS/arcgis/rest/services/Traffic_Calming/FeatureServer/0",
        "source_attributes": {
          "OBJECTID": 5121,
          "TRAFFICCALMINGID": 1102859,
          "CATEGORY": "RAISED CROSSWALK",
          "STATUS": "ACTIVE",
          "STREET": "ROBERT FERRIE DR",
          "LOCATION_DESCRIPTION": null,
          "INSTALL_YEAR": null
        },
        "source_geometry": {
          "type": "LineString",
          "coordinates": [
            [
              -80.4391165930523,
              43.3788940085773
            ],
            [
              -80.439143563696,
              43.3789751927681
            ]
          ]
        },
        "source_geometry_crs": "EPSG:4326",
        "evidence": "authoritative_inventory",
        "verification": "municipal_record_not_field_verified",
        "status": "in_service",
        "licence": "Open Government Licence — The Corporation of the City of Kitchener",
        "licence_url": "https://www.arcgis.com/home/item.html?id=2751362c6d5046d997fe166aa6f6e11a",
        "attribution": "Contains information licensed under the Open Government Licence - The Corporation of the City of Kitchener.",
        "municipality": "City of Kitchener",
        "province": "ON",
        "install_year": null
      }
    },
    {
      "type": "Feature",
      "id": "kitchener:1132244",
      "geometry": {
        "type": "Point",
        "coordinates": [
          -80.54087701037714,
          43.4170593638445
        ]
      },
      "properties": {
        "name": "Raised crosswalk — DRIFTWOOD DR — AT TRAIL CROSSING",
        "feature_type": "raised_crosswalk",
        "source": "City of Kitchener",
        "source_id": "1132244",
        "source_url": "https://www.arcgis.com/home/item.html?id=2751362c6d5046d997fe166aa6f6e11a",
        "source_id_basis": "municipal_asset_id",
        "duplicate_source_records": [],
        "source_layer_url": "https://services1.arcgis.com/qAo1OsXi67t7XgmS/arcgis/rest/services/Traffic_Calming/FeatureServer/0",
        "source_attributes": {
          "OBJECTID": 5124,
          "TRAFFICCALMINGID": 1132244,
          "CATEGORY": "RAISED CROSSWALK",
          "STATUS": "ACTIVE",
          "STREET": "DRIFTWOOD DR",
          "LOCATION_DESCRIPTION": "AT TRAIL CROSSING",
          "INSTALL_YEAR": 2023
        },
        "source_geometry": {
          "type": "LineString",
          "coordinates": [
            [
              -80.5409309050543,
              43.4170834855959
            ],
            [
              -80.5408231157,
              43.4170352420931
            ]
          ]
        },
        "source_geometry_crs": "EPSG:4326",
        "evidence": "authoritative_inventory",
        "verification": "municipal_record_not_field_verified",
        "status": "in_service",
        "licence": "Open Government Licence — The Corporation of the City of Kitchener",
        "licence_url": "https://www.arcgis.com/home/item.html?id=2751362c6d5046d997fe166aa6f6e11a",
        "attribution": "Contains information licensed under the Open Government Licence - The Corporation of the City of Kitchener.",
        "municipality": "City of Kitchener",
        "province": "ON",
        "install_year": 2023
      }
    },
    {
      "type": "Feature",
      "id": "kitchener:1133750",
      "geometry": {
        "type": "Point",
        "coordinates": [
          -80.53415820309135,
          43.41642769027595
        ]
      },
      "properties": {
        "name": "Raised crosswalk — DRIFTWOOD DR",
        "feature_type": "raised_crosswalk",
        "source": "City of Kitchener",
        "source_id": "1133750",
        "source_url": "https://www.arcgis.com/home/item.html?id=2751362c6d5046d997fe166aa6f6e11a",
        "source_id_basis": "municipal_asset_id",
        "duplicate_source_records": [],
        "source_layer_url": "https://services1.arcgis.com/qAo1OsXi67t7XgmS/arcgis/rest/services/Traffic_Calming/FeatureServer/0",
        "source_attributes": {
          "OBJECTID": 5125,
          "TRAFFICCALMINGID": 1133750,
          "CATEGORY": "RAISED CROSSWALK",
          "STATUS": "ACTIVE",
          "STREET": "DRIFTWOOD DR",
          "LOCATION_DESCRIPTION": null,
          "INSTALL_YEAR": 2023
        },
        "source_geometry": {
          "type": "LineString",
          "coordinates": [
            [
              -80.5340963374493,
              43.416421950522
            ],
            [
              -80.5342200687334,
              43.4164334300299
            ]
          ]
        },
        "source_geometry_crs": "EPSG:4326",
        "evidence": "authoritative_inventory",
        "verification": "municipal_record_not_field_verified",
        "status": "in_service",
        "licence": "Open Government Licence — The Corporation of the City of Kitchener",
        "licence_url": "https://www.arcgis.com/home/item.html?id=2751362c6d5046d997fe166aa6f6e11a",
        "attribution": "Contains information licensed under the Open Government Licence - The Corporation of the City of Kitchener.",
        "municipality": "City of Kitchener",
        "province": "ON",
        "install_year": 2023
      }
    },
    {
      "type": "Feature",
      "id": "kitchener:1133754",
      "geometry": {
        "type": "Point",
        "coordinates": [
          -80.5117177428555,
          43.439600919548795
        ]
      },
      "properties": {
        "name": "Raised crosswalk — LAWRENCE AVE — AT HENRY STURM TRAIL",
        "feature_type": "raised_crosswalk",
        "source": "City of Kitchener",
        "source_id": "1133754",
        "source_url": "https://www.arcgis.com/home/item.html?id=2751362c6d5046d997fe166aa6f6e11a",
        "source_id_basis": "municipal_asset_id",
        "duplicate_source_records": [],
        "source_layer_url": "https://services1.arcgis.com/qAo1OsXi67t7XgmS/arcgis/rest/services/Traffic_Calming/FeatureServer/0",
        "source_attributes": {
          "OBJECTID": 5126,
          "TRAFFICCALMINGID": 1133754,
          "CATEGORY": "RAISED CROSSWALK",
          "STATUS": "ACTIVE",
          "STREET": "LAWRENCE AVE",
          "LOCATION_DESCRIPTION": "AT HENRY STURM TRAIL",
          "INSTALL_YEAR": 2024
        },
        "source_geometry": {
          "type": "LineString",
          "coordinates": [
            [
              -80.5117606032058,
              43.4395765260078
            ],
            [
              -80.5116748825052,
              43.4396253130898
            ]
          ]
        },
        "source_geometry_crs": "EPSG:4326",
        "evidence": "authoritative_inventory",
        "verification": "municipal_record_not_field_verified",
        "status": "in_service",
        "licence": "Open Government Licence — The Corporation of the City of Kitchener",
        "licence_url": "https://www.arcgis.com/home/item.html?id=2751362c6d5046d997fe166aa6f6e11a",
        "attribution": "Contains information licensed under the Open Government Licence - The Corporation of the City of Kitchener.",
        "municipality": "City of Kitchener",
        "province": "ON",
        "install_year": 2024
      }
    },
    {
      "type": "Feature",
      "id": "kitchener:1167978",
      "geometry": {
        "type": "Point",
        "coordinates": [
          -80.5059427410111,
          43.4418351432084
        ]
      },
      "properties": {
        "name": "Raised crosswalk",
        "feature_type": "raised_crosswalk",
        "source": "City of Kitchener",
        "source_id": "1167978",
        "source_url": "https://www.arcgis.com/home/item.html?id=2751362c6d5046d997fe166aa6f6e11a",
        "source_id_basis": "municipal_asset_id",
        "duplicate_source_records": [],
        "source_layer_url": "https://services1.arcgis.com/qAo1OsXi67t7XgmS/arcgis/rest/services/Traffic_Calming/FeatureServer/0",
        "source_attributes": {
          "OBJECTID": 5442,
          "TRAFFICCALMINGID": 1167978,
          "CATEGORY": "RAISED CROSSWALK",
          "STATUS": "ACTIVE",
          "STREET": null,
          "LOCATION_DESCRIPTION": null,
          "INSTALL_YEAR": null
        },
        "source_geometry": {
          "type": "LineString",
          "coordinates": [
            [
              -80.5059150461531,
              43.4418536315452
            ],
            [
              -80.5059704358691,
              43.4418166548716
            ]
          ]
        },
        "source_geometry_crs": "EPSG:4326",
        "evidence": "authoritative_inventory",
        "verification": "municipal_record_not_field_verified",
        "status": "in_service",
        "licence": "Open Government Licence — The Corporation of the City of Kitchener",
        "licence_url": "https://www.arcgis.com/home/item.html?id=2751362c6d5046d997fe166aa6f6e11a",
        "attribution": "Contains information licensed under the Open Government Licence - The Corporation of the City of Kitchener.",
        "municipality": "City of Kitchener",
        "province": "ON",
        "install_year": null
      }
    },
    {
      "type": "Feature",
      "id": "kitchener:1167985",
      "geometry": {
        "type": "Point",
        "coordinates": [
          -80.50680257577599,
          43.4544108836813
        ]
      },
      "properties": {
        "name": "Raised crosswalk — WALTER ST",
        "feature_type": "raised_crosswalk",
        "source": "City of Kitchener",
        "source_id": "1167985",
        "source_url": "https://www.arcgis.com/home/item.html?id=2751362c6d5046d997fe166aa6f6e11a",
        "source_id_basis": "municipal_asset_id",
        "duplicate_source_records": [],
        "source_layer_url": "https://services1.arcgis.com/qAo1OsXi67t7XgmS/arcgis/rest/services/Traffic_Calming/FeatureServer/0",
        "source_attributes": {
          "OBJECTID": 5445,
          "TRAFFICCALMINGID": 1167985,
          "CATEGORY": "RAISED CROSSWALK",
          "STATUS": "ACTIVE",
          "STREET": "WALTER ST",
          "LOCATION_DESCRIPTION": null,
          "INSTALL_YEAR": null
        },
        "source_geometry": {
          "type": "LineString",
          "coordinates": [
            [
              -80.5067839400678,
              43.4544412668405
            ],
            [
              -80.5068212114842,
              43.4543805005221
            ]
          ]
        },
        "source_geometry_crs": "EPSG:4326",
        "evidence": "authoritative_inventory",
        "verification": "municipal_record_not_field_verified",
        "status": "in_service",
        "licence": "Open Government Licence — The Corporation of the City of Kitchener",
        "licence_url": "https://www.arcgis.com/home/item.html?id=2751362c6d5046d997fe166aa6f6e11a",
        "attribution": "Contains information licensed under the Open Government Licence - The Corporation of the City of Kitchener.",
        "municipality": "City of Kitchener",
        "province": "ON",
        "install_year": null
      }
    },
    {
      "type": "Feature",
      "id": "kitchener:1167986",
      "geometry": {
        "type": "Point",
        "coordinates": [
          -80.51611114088375,
          43.452204266124596
        ]
      },
      "properties": {
        "name": "Raised crosswalk — GLASGOW ST",
        "feature_type": "raised_crosswalk",
        "source": "City of Kitchener",
        "source_id": "1167986",
        "source_url": "https://www.arcgis.com/home/item.html?id=2751362c6d5046d997fe166aa6f6e11a",
        "source_id_basis": "municipal_asset_id",
        "duplicate_source_records": [],
        "source_layer_url": "https://services1.arcgis.com/qAo1OsXi67t7XgmS/arcgis/rest/services/Traffic_Calming/FeatureServer/0",
        "source_attributes": {
          "OBJECTID": 5446,
          "TRAFFICCALMINGID": 1167986,
          "CATEGORY": "RAISED CROSSWALK",
          "STATUS": "ACTIVE",
          "STREET": "GLASGOW ST",
          "LOCATION_DESCRIPTION": null,
          "INSTALL_YEAR": null
        },
        "source_geometry": {
          "type": "LineString",
          "coordinates": [
            [
              -80.516087280799,
              43.4521689630633
            ],
            [
              -80.5161350009685,
              43.4522395691859
            ]
          ]
        },
        "source_geometry_crs": "EPSG:4326",
        "evidence": "authoritative_inventory",
        "verification": "municipal_record_not_field_verified",
        "status": "in_service",
        "licence": "Open Government Licence — The Corporation of the City of Kitchener",
        "licence_url": "https://www.arcgis.com/home/item.html?id=2751362c6d5046d997fe166aa6f6e11a",
        "attribution": "Contains information licensed under the Open Government Licence - The Corporation of the City of Kitchener.",
        "municipality": "City of Kitchener",
        "province": "ON",
        "install_year": null
      }
    },
    {
      "type": "Feature",
      "id": "kitchener:1168006",
      "geometry": {
        "type": "Point",
        "coordinates": [
          -80.54735102975035,
          43.420556186875345
        ]
      },
      "properties": {
        "name": "Raised crosswalk — ROLLING MEADOWS DR",
        "feature_type": "raised_crosswalk",
        "source": "City of Kitchener",
        "source_id": "1168006",
        "source_url": "https://www.arcgis.com/home/item.html?id=2751362c6d5046d997fe166aa6f6e11a",
        "source_id_basis": "municipal_asset_id",
        "duplicate_source_records": [],
        "source_layer_url": "https://services1.arcgis.com/qAo1OsXi67t7XgmS/arcgis/rest/services/Traffic_Calming/FeatureServer/0",
        "source_attributes": {
          "OBJECTID": 5448,
          "TRAFFICCALMINGID": 1168006,
          "CATEGORY": "RAISED CROSSWALK",
          "STATUS": "ACTIVE",
          "STREET": "ROLLING MEADOWS DR",
          "LOCATION_DESCRIPTION": null,
          "INSTALL_YEAR": null
        },
        "source_geometry": {
          "type": "LineString",
          "coordinates": [
            [
              -80.5473697357228,
              43.4205800555255
            ],
            [
              -80.5473323237779,
              43.4205323182252
            ]
          ]
        },
        "source_geometry_crs": "EPSG:4326",
        "evidence": "authoritative_inventory",
        "verification": "municipal_record_not_field_verified",
        "status": "in_service",
        "licence": "Open Government Licence — The Corporation of the City of Kitchener",
        "licence_url": "https://www.arcgis.com/home/item.html?id=2751362c6d5046d997fe166aa6f6e11a",
        "attribution": "Contains information licensed under the Open Government Licence - The Corporation of the City of Kitchener.",
        "municipality": "City of Kitchener",
        "province": "ON",
        "install_year": null
      }
    },
    {
      "type": "Feature",
      "id": "kitchener:1168008",
      "geometry": {
        "type": "Point",
        "coordinates": [
          -80.52967166101975,
          43.41597195731555
        ]
      },
      "properties": {
        "name": "Raised crosswalk — ROYAL ORCHARD DR",
        "feature_type": "raised_crosswalk",
        "source": "City of Kitchener",
        "source_id": "1168008",
        "source_url": "https://www.arcgis.com/home/item.html?id=2751362c6d5046d997fe166aa6f6e11a",
        "source_id_basis": "municipal_asset_id",
        "duplicate_source_records": [],
        "source_layer_url": "https://services1.arcgis.com/qAo1OsXi67t7XgmS/arcgis/rest/services/Traffic_Calming/FeatureServer/0",
        "source_attributes": {
          "OBJECTID": 5450,
          "TRAFFICCALMINGID": 1168008,
          "CATEGORY": "RAISED CROSSWALK",
          "STATUS": "ACTIVE",
          "STREET": "ROYAL ORCHARD DR",
          "LOCATION_DESCRIPTION": null,
          "INSTALL_YEAR": null
        },
        "source_geometry": {
          "type": "LineString",
          "coordinates": [
            [
              -80.5296125470573,
              43.4159533789482
            ],
            [
              -80.5297307749822,
              43.4159905356829
            ]
          ]
        },
        "source_geometry_crs": "EPSG:4326",
        "evidence": "authoritative_inventory",
        "verification": "municipal_record_not_field_verified",
        "status": "in_service",
        "licence": "Open Government Licence — The Corporation of the City of Kitchener",
        "licence_url": "https://www.arcgis.com/home/item.html?id=2751362c6d5046d997fe166aa6f6e11a",
        "attribution": "Contains information licensed under the Open Government Licence - The Corporation of the City of Kitchener.",
        "municipality": "City of Kitchener",
        "province": "ON",
        "install_year": null
      }
    },
    {
      "type": "Feature",
      "id": "kitchener:1168026",
      "geometry": {
        "type": "Point",
        "coordinates": [
          -80.49238697339584,
          43.44197058377645
        ]
      },
      "properties": {
        "name": "Raised crosswalk — MILL ST",
        "feature_type": "raised_crosswalk",
        "source": "City of Kitchener",
        "source_id": "1168026",
        "source_url": "https://www.arcgis.com/home/item.html?id=2751362c6d5046d997fe166aa6f6e11a",
        "source_id_basis": "municipal_asset_id",
        "duplicate_source_records": [],
        "source_layer_url": "https://services1.arcgis.com/qAo1OsXi67t7XgmS/arcgis/rest/services/Traffic_Calming/FeatureServer/0",
        "source_attributes": {
          "OBJECTID": 5454,
          "TRAFFICCALMINGID": 1168026,
          "CATEGORY": "RAISED CROSSWALK",
          "STATUS": "ACTIVE",
          "STREET": "MILL ST",
          "LOCATION_DESCRIPTION": null,
          "INSTALL_YEAR": null
        },
        "source_geometry": {
          "type": "LineString",
          "coordinates": [
            [
              -80.4924225491605,
              43.4419528360502
            ],
            [
              -80.4923513976312,
              43.4419883315027
            ]
          ]
        },
        "source_geometry_crs": "EPSG:4326",
        "evidence": "authoritative_inventory",
        "verification": "municipal_record_not_field_verified",
        "status": "in_service",
        "licence": "Open Government Licence — The Corporation of the City of Kitchener",
        "licence_url": "https://www.arcgis.com/home/item.html?id=2751362c6d5046d997fe166aa6f6e11a",
        "attribution": "Contains information licensed under the Open Government Licence - The Corporation of the City of Kitchener.",
        "municipality": "City of Kitchener",
        "province": "ON",
        "install_year": null
      }
    },
    {
      "type": "Feature",
      "id": "kitchener:1168029",
      "geometry": {
        "type": "Point",
        "coordinates": [
          -80.4372974076102,
          43.45160712208395
        ]
      },
      "properties": {
        "name": "Raised crosswalk — HOLBORN DR",
        "feature_type": "raised_crosswalk",
        "source": "City of Kitchener",
        "source_id": "1168029",
        "source_url": "https://www.arcgis.com/home/item.html?id=2751362c6d5046d997fe166aa6f6e11a",
        "source_id_basis": "municipal_asset_id",
        "duplicate_source_records": [],
        "source_layer_url": "https://services1.arcgis.com/qAo1OsXi67t7XgmS/arcgis/rest/services/Traffic_Calming/FeatureServer/0",
        "source_attributes": {
          "OBJECTID": 5761,
          "TRAFFICCALMINGID": 1168029,
          "CATEGORY": "RAISED CROSSWALK",
          "STATUS": "ACTIVE",
          "STREET": "HOLBORN DR",
          "LOCATION_DESCRIPTION": null,
          "INSTALL_YEAR": null
        },
        "source_geometry": {
          "type": "LineString",
          "coordinates": [
            [
              -80.4372757989614,
              43.451569310016
            ],
            [
              -80.437319016259,
              43.4516449341519
            ]
          ]
        },
        "source_geometry_crs": "EPSG:4326",
        "evidence": "authoritative_inventory",
        "verification": "municipal_record_not_field_verified",
        "status": "in_service",
        "licence": "Open Government Licence — The Corporation of the City of Kitchener",
        "licence_url": "https://www.arcgis.com/home/item.html?id=2751362c6d5046d997fe166aa6f6e11a",
        "attribution": "Contains information licensed under the Open Government Licence - The Corporation of the City of Kitchener.",
        "municipality": "City of Kitchener",
        "province": "ON",
        "install_year": null
      }
    },
    {
      "type": "Feature",
      "id": "kitchener:1304954",
      "geometry": {
        "type": "Point",
        "coordinates": [
          -80.4543742051842,
          43.384662247033944
        ]
      },
      "properties": {
        "name": "Raised crosswalk — CARYNDALE DR — AT BRIGADOON PS",
        "feature_type": "raised_crosswalk",
        "source": "City of Kitchener",
        "source_id": "1304954",
        "source_url": "https://www.arcgis.com/home/item.html?id=2751362c6d5046d997fe166aa6f6e11a",
        "source_id_basis": "municipal_asset_id",
        "duplicate_source_records": [],
        "source_layer_url": "https://services1.arcgis.com/qAo1OsXi67t7XgmS/arcgis/rest/services/Traffic_Calming/FeatureServer/0",
        "source_attributes": {
          "OBJECTID": 6112,
          "TRAFFICCALMINGID": 1304954,
          "CATEGORY": "RAISED CROSSWALK",
          "STATUS": "ACTIVE",
          "STREET": "CARYNDALE DR",
          "LOCATION_DESCRIPTION": "AT BRIGADOON PS",
          "INSTALL_YEAR": 2024
        },
        "source_geometry": {
          "type": "LineString",
          "coordinates": [
            [
              -80.4543377153318,
              43.384669424634
            ],
            [
              -80.4544106950366,
              43.3846550694339
            ]
          ]
        },
        "source_geometry_crs": "EPSG:4326",
        "evidence": "authoritative_inventory",
        "verification": "municipal_record_not_field_verified",
        "status": "in_service",
        "licence": "Open Government Licence — The Corporation of the City of Kitchener",
        "licence_url": "https://www.arcgis.com/home/item.html?id=2751362c6d5046d997fe166aa6f6e11a",
        "attribution": "Contains information licensed under the Open Government Licence - The Corporation of the City of Kitchener.",
        "municipality": "City of Kitchener",
        "province": "ON",
        "install_year": 2024
      }
    },
    {
      "type": "Feature",
      "id": "kitchener:43096",
      "geometry": {
        "type": "Point",
        "coordinates": [
          -80.47123821037785,
          43.414085253232045
        ]
      },
      "properties": {
        "name": "Raised crosswalk — COUNTRY HILL DR — BETWEEN OLD COUNTRY DR AND COACH HILL DR",
        "feature_type": "raised_crosswalk",
        "source": "City of Kitchener",
        "source_id": "43096",
        "source_url": "https://www.arcgis.com/home/item.html?id=2751362c6d5046d997fe166aa6f6e11a",
        "source_id_basis": "municipal_asset_id",
        "duplicate_source_records": [],
        "source_layer_url": "https://services1.arcgis.com/qAo1OsXi67t7XgmS/arcgis/rest/services/Traffic_Calming/FeatureServer/0",
        "source_attributes": {
          "OBJECTID": 963,
          "TRAFFICCALMINGID": 43096,
          "CATEGORY": "RAISED CROSSWALK",
          "STATUS": "ACTIVE",
          "STREET": "COUNTRY HILL DR",
          "LOCATION_DESCRIPTION": "BETWEEN OLD COUNTRY DR AND COACH HILL DR",
          "INSTALL_YEAR": null
        },
        "source_geometry": {
          "type": "LineString",
          "coordinates": [
            [
              -80.471247708739,
              43.4141175811332
            ],
            [
              -80.4712287120167,
              43.4140529253309
            ]
          ]
        },
        "source_geometry_crs": "EPSG:4326",
        "evidence": "authoritative_inventory",
        "verification": "municipal_record_not_field_verified",
        "status": "in_service",
        "licence": "Open Government Licence — The Corporation of the City of Kitchener",
        "licence_url": "https://www.arcgis.com/home/item.html?id=2751362c6d5046d997fe166aa6f6e11a",
        "attribution": "Contains information licensed under the Open Government Licence - The Corporation of the City of Kitchener.",
        "municipality": "City of Kitchener",
        "province": "ON",
        "install_year": null
      }
    },
    {
      "type": "Feature",
      "id": "kitchener:43100",
      "geometry": {
        "type": "Point",
        "coordinates": [
          -80.45699186113791,
          43.4245016965218
        ]
      },
      "properties": {
        "name": "Raised crosswalk — SIEBERT AVE — AT HARBER AVE",
        "feature_type": "raised_crosswalk",
        "source": "City of Kitchener",
        "source_id": "43100",
        "source_url": "https://www.arcgis.com/home/item.html?id=2751362c6d5046d997fe166aa6f6e11a",
        "source_id_basis": "municipal_asset_id",
        "duplicate_source_records": [],
        "source_layer_url": "https://services1.arcgis.com/qAo1OsXi67t7XgmS/arcgis/rest/services/Traffic_Calming/FeatureServer/0",
        "source_attributes": {
          "OBJECTID": 967,
          "TRAFFICCALMINGID": 43100,
          "CATEGORY": "RAISED CROSSWALK",
          "STATUS": "ACTIVE",
          "STREET": "SIEBERT AVE",
          "LOCATION_DESCRIPTION": "AT HARBER AVE",
          "INSTALL_YEAR": 2018
        },
        "source_geometry": {
          "type": "LineString",
          "coordinates": [
            [
              -80.4569536231038,
              43.4245226838422
            ],
            [
              -80.457030099172,
              43.4244807092014
            ]
          ]
        },
        "source_geometry_crs": "EPSG:4326",
        "evidence": "authoritative_inventory",
        "verification": "municipal_record_not_field_verified",
        "status": "in_service",
        "licence": "Open Government Licence — The Corporation of the City of Kitchener",
        "licence_url": "https://www.arcgis.com/home/item.html?id=2751362c6d5046d997fe166aa6f6e11a",
        "attribution": "Contains information licensed under the Open Government Licence - The Corporation of the City of Kitchener.",
        "municipality": "City of Kitchener",
        "province": "ON",
        "install_year": 2018
      }
    },
    {
      "type": "Feature",
      "id": "kitchener:43535",
      "geometry": {
        "type": "Point",
        "coordinates": [
          -80.54751498305455,
          43.4156405193383
        ]
      },
      "properties": {
        "name": "Raised crosswalk — HIGHVIEW DR — BETWEEN BENT WILLOW DR AND SUGAR MAPLE ST",
        "feature_type": "raised_crosswalk",
        "source": "City of Kitchener",
        "source_id": "43535",
        "source_url": "https://www.arcgis.com/home/item.html?id=2751362c6d5046d997fe166aa6f6e11a",
        "source_id_basis": "municipal_asset_id",
        "duplicate_source_records": [],
        "source_layer_url": "https://services1.arcgis.com/qAo1OsXi67t7XgmS/arcgis/rest/services/Traffic_Calming/FeatureServer/0",
        "source_attributes": {
          "OBJECTID": 1281,
          "TRAFFICCALMINGID": 43535,
          "CATEGORY": "RAISED CROSSWALK",
          "STATUS": "ACTIVE",
          "STREET": "HIGHVIEW DR",
          "LOCATION_DESCRIPTION": "BETWEEN BENT WILLOW DR AND SUGAR MAPLE ST",
          "INSTALL_YEAR": null
        },
        "source_geometry": {
          "type": "LineString",
          "coordinates": [
            [
              -80.5474979841302,
              43.4156112070744
            ],
            [
              -80.5475319819789,
              43.4156698316022
            ]
          ]
        },
        "source_geometry_crs": "EPSG:4326",
        "evidence": "authoritative_inventory",
        "verification": "municipal_record_not_field_verified",
        "status": "in_service",
        "licence": "Open Government Licence — The Corporation of the City of Kitchener",
        "licence_url": "https://www.arcgis.com/home/item.html?id=2751362c6d5046d997fe166aa6f6e11a",
        "attribution": "Contains information licensed under the Open Government Licence - The Corporation of the City of Kitchener.",
        "municipality": "City of Kitchener",
        "province": "ON",
        "install_year": null
      }
    },
    {
      "type": "Feature",
      "id": "kitchener:43536",
      "geometry": {
        "type": "Point",
        "coordinates": [
          -80.5438315142253,
          43.41188061183745
        ]
      },
      "properties": {
        "name": "Raised crosswalk — YELLOW BIRCH DR — BETWEEN HODDLE CRES AND CEDAR CREST ST",
        "feature_type": "raised_crosswalk",
        "source": "City of Kitchener",
        "source_id": "43536",
        "source_url": "https://www.arcgis.com/home/item.html?id=2751362c6d5046d997fe166aa6f6e11a",
        "source_id_basis": "municipal_asset_id",
        "duplicate_source_records": [],
        "source_layer_url": "https://services1.arcgis.com/qAo1OsXi67t7XgmS/arcgis/rest/services/Traffic_Calming/FeatureServer/0",
        "source_attributes": {
          "OBJECTID": 1282,
          "TRAFFICCALMINGID": 43536,
          "CATEGORY": "RAISED CROSSWALK",
          "STATUS": "ACTIVE",
          "STREET": "YELLOW BIRCH DR",
          "LOCATION_DESCRIPTION": "BETWEEN HODDLE CRES AND CEDAR CREST ST",
          "INSTALL_YEAR": null
        },
        "source_geometry": {
          "type": "LineString",
          "coordinates": [
            [
              -80.5438455420703,
              43.4119111855909
            ],
            [
              -80.5438174863803,
              43.411850038084
            ]
          ]
        },
        "source_geometry_crs": "EPSG:4326",
        "evidence": "authoritative_inventory",
        "verification": "municipal_record_not_field_verified",
        "status": "in_service",
        "licence": "Open Government Licence — The Corporation of the City of Kitchener",
        "licence_url": "https://www.arcgis.com/home/item.html?id=2751362c6d5046d997fe166aa6f6e11a",
        "attribution": "Contains information licensed under the Open Government Licence - The Corporation of the City of Kitchener.",
        "municipality": "City of Kitchener",
        "province": "ON",
        "install_year": null
      }
    },
    {
      "type": "Feature",
      "id": "kitchener:4930",
      "geometry": {
        "type": "Point",
        "coordinates": [
          -80.4449644876033,
          43.4452542797648
        ]
      },
      "properties": {
        "name": "Raised crosswalk — BRADLEY DR — NEAR BRADLEY PL",
        "feature_type": "raised_crosswalk",
        "source": "City of Kitchener",
        "source_id": "4930",
        "source_url": "https://www.arcgis.com/home/item.html?id=2751362c6d5046d997fe166aa6f6e11a",
        "source_id_basis": "municipal_asset_id",
        "duplicate_source_records": [],
        "source_layer_url": "https://services1.arcgis.com/qAo1OsXi67t7XgmS/arcgis/rest/services/Traffic_Calming/FeatureServer/0",
        "source_attributes": {
          "OBJECTID": 2,
          "TRAFFICCALMINGID": 4930,
          "CATEGORY": "RAISED CROSSWALK",
          "STATUS": "ACTIVE",
          "STREET": "BRADLEY DR",
          "LOCATION_DESCRIPTION": "NEAR BRADLEY PL",
          "INSTALL_YEAR": null
        },
        "source_geometry": {
          "type": "LineString",
          "coordinates": [
            [
              -80.4449416265914,
              43.445286525988
            ],
            [
              -80.4449873486152,
              43.4452220335416
            ]
          ]
        },
        "source_geometry_crs": "EPSG:4326",
        "evidence": "authoritative_inventory",
        "verification": "municipal_record_not_field_verified",
        "status": "in_service",
        "licence": "Open Government Licence — The Corporation of the City of Kitchener",
        "licence_url": "https://www.arcgis.com/home/item.html?id=2751362c6d5046d997fe166aa6f6e11a",
        "attribution": "Contains information licensed under the Open Government Licence - The Corporation of the City of Kitchener.",
        "municipality": "City of Kitchener",
        "province": "ON",
        "install_year": null
      }
    },
    {
      "type": "Feature",
      "id": "kitchener:4933",
      "geometry": {
        "type": "Point",
        "coordinates": [
          -80.4993425303593,
          43.4226220257708
        ]
      },
      "properties": {
        "name": "Raised crosswalk — CHANDLER DR — BETWEEN LEACREST CRT AND MOWAT BLVD",
        "feature_type": "raised_crosswalk",
        "source": "City of Kitchener",
        "source_id": "4933",
        "source_url": "https://www.arcgis.com/home/item.html?id=2751362c6d5046d997fe166aa6f6e11a",
        "source_id_basis": "municipal_asset_id",
        "duplicate_source_records": [],
        "source_layer_url": "https://services1.arcgis.com/qAo1OsXi67t7XgmS/arcgis/rest/services/Traffic_Calming/FeatureServer/0",
        "source_attributes": {
          "OBJECTID": 5,
          "TRAFFICCALMINGID": 4933,
          "CATEGORY": "RAISED CROSSWALK",
          "STATUS": "ACTIVE",
          "STREET": "CHANDLER DR",
          "LOCATION_DESCRIPTION": "BETWEEN LEACREST CRT AND MOWAT BLVD",
          "INSTALL_YEAR": null
        },
        "source_geometry": {
          "type": "LineString",
          "coordinates": [
            [
              -80.4993677499903,
              43.4226443324918
            ],
            [
              -80.4993173107283,
              43.4225997190498
            ]
          ]
        },
        "source_geometry_crs": "EPSG:4326",
        "evidence": "authoritative_inventory",
        "verification": "municipal_record_not_field_verified",
        "status": "in_service",
        "licence": "Open Government Licence — The Corporation of the City of Kitchener",
        "licence_url": "https://www.arcgis.com/home/item.html?id=2751362c6d5046d997fe166aa6f6e11a",
        "attribution": "Contains information licensed under the Open Government Licence - The Corporation of the City of Kitchener.",
        "municipality": "City of Kitchener",
        "province": "ON",
        "install_year": null
      }
    },
    {
      "type": "Feature",
      "id": "kitchener:4934",
      "geometry": {
        "type": "Point",
        "coordinates": [
          -80.5245316302599,
          43.4429971296058
        ]
      },
      "properties": {
        "name": "Raised crosswalk — CHOPIN DR — BETWEEN WESTMOUNT RD W AND MARKWOOD DR",
        "feature_type": "raised_crosswalk",
        "source": "City of Kitchener",
        "source_id": "4934",
        "source_url": "https://www.arcgis.com/home/item.html?id=2751362c6d5046d997fe166aa6f6e11a",
        "source_id_basis": "municipal_asset_id",
        "duplicate_source_records": [],
        "source_layer_url": "https://services1.arcgis.com/qAo1OsXi67t7XgmS/arcgis/rest/services/Traffic_Calming/FeatureServer/0",
        "source_attributes": {
          "OBJECTID": 6,
          "TRAFFICCALMINGID": 4934,
          "CATEGORY": "RAISED CROSSWALK",
          "STATUS": "ACTIVE",
          "STREET": "CHOPIN DR",
          "LOCATION_DESCRIPTION": "BETWEEN WESTMOUNT RD W AND MARKWOOD DR",
          "INSTALL_YEAR": null
        },
        "source_geometry": {
          "type": "LineString",
          "coordinates": [
            [
              -80.5245098591667,
              43.4429725570886
            ],
            [
              -80.5245534013531,
              43.443021702123
            ]
          ]
        },
        "source_geometry_crs": "EPSG:4326",
        "evidence": "authoritative_inventory",
        "verification": "municipal_record_not_field_verified",
        "status": "in_service",
        "licence": "Open Government Licence — The Corporation of the City of Kitchener",
        "licence_url": "https://www.arcgis.com/home/item.html?id=2751362c6d5046d997fe166aa6f6e11a",
        "attribution": "Contains information licensed under the Open Government Licence - The Corporation of the City of Kitchener.",
        "municipality": "City of Kitchener",
        "province": "ON",
        "install_year": null
      }
    },
    {
      "type": "Feature",
      "id": "kitchener:4966",
      "geometry": {
        "type": "Point",
        "coordinates": [
          -80.48423481702389,
          43.42151887429685
        ]
      },
      "properties": {
        "name": "Raised crosswalk — KINGSWOOD DR — BETWEEN LUCERNE DR AND ROBERTS CRES",
        "feature_type": "raised_crosswalk",
        "source": "City of Kitchener",
        "source_id": "4966",
        "source_url": "https://www.arcgis.com/home/item.html?id=2751362c6d5046d997fe166aa6f6e11a",
        "source_id_basis": "municipal_asset_id",
        "duplicate_source_records": [],
        "source_layer_url": "https://services1.arcgis.com/qAo1OsXi67t7XgmS/arcgis/rest/services/Traffic_Calming/FeatureServer/0",
        "source_attributes": {
          "OBJECTID": 38,
          "TRAFFICCALMINGID": 4966,
          "CATEGORY": "RAISED CROSSWALK",
          "STATUS": "ACTIVE",
          "STREET": "KINGSWOOD DR",
          "LOCATION_DESCRIPTION": "BETWEEN LUCERNE DR AND ROBERTS CRES",
          "INSTALL_YEAR": null
        },
        "source_geometry": {
          "type": "LineString",
          "coordinates": [
            [
              -80.4842470343763,
              43.4215480019229
            ],
            [
              -80.4842225996715,
              43.4214897466708
            ]
          ]
        },
        "source_geometry_crs": "EPSG:4326",
        "evidence": "authoritative_inventory",
        "verification": "municipal_record_not_field_verified",
        "status": "in_service",
        "licence": "Open Government Licence — The Corporation of the City of Kitchener",
        "licence_url": "https://www.arcgis.com/home/item.html?id=2751362c6d5046d997fe166aa6f6e11a",
        "attribution": "Contains information licensed under the Open Government Licence - The Corporation of the City of Kitchener.",
        "municipality": "City of Kitchener",
        "province": "ON",
        "install_year": null
      }
    },
    {
      "type": "Feature",
      "id": "kitchener:4972",
      "geometry": {
        "type": "Point",
        "coordinates": [
          -80.47479031091855,
          43.41961449138195
        ]
      },
      "properties": {
        "name": "Raised crosswalk — KINGSWOOD DR — BETWEEN GRACEFIELD CRES AND SELKIRK DR",
        "feature_type": "raised_crosswalk",
        "source": "City of Kitchener",
        "source_id": "4972",
        "source_url": "https://www.arcgis.com/home/item.html?id=2751362c6d5046d997fe166aa6f6e11a",
        "source_id_basis": "municipal_asset_id",
        "duplicate_source_records": [],
        "source_layer_url": "https://services1.arcgis.com/qAo1OsXi67t7XgmS/arcgis/rest/services/Traffic_Calming/FeatureServer/0",
        "source_attributes": {
          "OBJECTID": 44,
          "TRAFFICCALMINGID": 4972,
          "CATEGORY": "RAISED CROSSWALK",
          "STATUS": "ACTIVE",
          "STREET": "KINGSWOOD DR",
          "LOCATION_DESCRIPTION": "BETWEEN GRACEFIELD CRES AND SELKIRK DR",
          "INSTALL_YEAR": null
        },
        "source_geometry": {
          "type": "LineString",
          "coordinates": [
            [
              -80.474829151438,
              43.4196181279088
            ],
            [
              -80.4747514703991,
              43.4196108548551
            ]
          ]
        },
        "source_geometry_crs": "EPSG:4326",
        "evidence": "authoritative_inventory",
        "verification": "municipal_record_not_field_verified",
        "status": "in_service",
        "licence": "Open Government Licence — The Corporation of the City of Kitchener",
        "licence_url": "https://www.arcgis.com/home/item.html?id=2751362c6d5046d997fe166aa6f6e11a",
        "attribution": "Contains information licensed under the Open Government Licence - The Corporation of the City of Kitchener.",
        "municipality": "City of Kitchener",
        "province": "ON",
        "install_year": null
      }
    },
    {
      "type": "Feature",
      "id": "kitchener:4974",
      "geometry": {
        "type": "Point",
        "coordinates": [
          -80.42929912271666,
          43.42886798479175
        ]
      },
      "properties": {
        "name": "Raised crosswalk — MORGAN AVE — BETWEEN FAIRWAY RD N AND SOUTHILL DR",
        "feature_type": "raised_crosswalk",
        "source": "City of Kitchener",
        "source_id": "4974",
        "source_url": "https://www.arcgis.com/home/item.html?id=2751362c6d5046d997fe166aa6f6e11a",
        "source_id_basis": "municipal_asset_id",
        "duplicate_source_records": [],
        "source_layer_url": "https://services1.arcgis.com/qAo1OsXi67t7XgmS/arcgis/rest/services/Traffic_Calming/FeatureServer/0",
        "source_attributes": {
          "OBJECTID": 46,
          "TRAFFICCALMINGID": 4974,
          "CATEGORY": "RAISED CROSSWALK",
          "STATUS": "ACTIVE",
          "STREET": "MORGAN AVE",
          "LOCATION_DESCRIPTION": "BETWEEN FAIRWAY RD N AND SOUTHILL DR",
          "INSTALL_YEAR": null
        },
        "source_geometry": {
          "type": "LineString",
          "coordinates": [
            [
              -80.4292746245931,
              43.4288925917349
            ],
            [
              -80.4293236208402,
              43.4288433778486
            ]
          ]
        },
        "source_geometry_crs": "EPSG:4326",
        "evidence": "authoritative_inventory",
        "verification": "municipal_record_not_field_verified",
        "status": "in_service",
        "licence": "Open Government Licence — The Corporation of the City of Kitchener",
        "licence_url": "https://www.arcgis.com/home/item.html?id=2751362c6d5046d997fe166aa6f6e11a",
        "attribution": "Contains information licensed under the Open Government Licence - The Corporation of the City of Kitchener.",
        "municipality": "City of Kitchener",
        "province": "ON",
        "install_year": null
      }
    },
    {
      "type": "Feature",
      "id": "kitchener:4975",
      "geometry": {
        "type": "Point",
        "coordinates": [
          -80.4215083993101,
          43.42738942663975
        ]
      },
      "properties": {
        "name": "Raised crosswalk — MORGAN AVE — BETWEEN BERWICK PL AND RIVER RD E",
        "feature_type": "raised_crosswalk",
        "source": "City of Kitchener",
        "source_id": "4975",
        "source_url": "https://www.arcgis.com/home/item.html?id=2751362c6d5046d997fe166aa6f6e11a",
        "source_id_basis": "municipal_asset_id",
        "duplicate_source_records": [],
        "source_layer_url": "https://services1.arcgis.com/qAo1OsXi67t7XgmS/arcgis/rest/services/Traffic_Calming/FeatureServer/0",
        "source_attributes": {
          "OBJECTID": 47,
          "TRAFFICCALMINGID": 4975,
          "CATEGORY": "RAISED CROSSWALK",
          "STATUS": "ACTIVE",
          "STREET": "MORGAN AVE",
          "LOCATION_DESCRIPTION": "BETWEEN BERWICK PL AND RIVER RD E",
          "INSTALL_YEAR": null
        },
        "source_geometry": {
          "type": "LineString",
          "coordinates": [
            [
              -80.4215321992243,
              43.4274156350094
            ],
            [
              -80.4214845993959,
              43.4273632182701
            ]
          ]
        },
        "source_geometry_crs": "EPSG:4326",
        "evidence": "authoritative_inventory",
        "verification": "municipal_record_not_field_verified",
        "status": "in_service",
        "licence": "Open Government Licence — The Corporation of the City of Kitchener",
        "licence_url": "https://www.arcgis.com/home/item.html?id=2751362c6d5046d997fe166aa6f6e11a",
        "attribution": "Contains information licensed under the Open Government Licence - The Corporation of the City of Kitchener.",
        "municipality": "City of Kitchener",
        "province": "ON",
        "install_year": null
      }
    },
    {
      "type": "Feature",
      "id": "kitchener:4976",
      "geometry": {
        "type": "Point",
        "coordinates": [
          -80.4967999533164,
          43.4182541164161
        ]
      },
      "properties": {
        "name": "Raised crosswalk — LAURENTIAN DR — BETWEEN CARTIER DR AND HOWLAND DR",
        "feature_type": "raised_crosswalk",
        "source": "City of Kitchener",
        "source_id": "4976",
        "source_url": "https://www.arcgis.com/home/item.html?id=2751362c6d5046d997fe166aa6f6e11a",
        "source_id_basis": "municipal_asset_id",
        "duplicate_source_records": [],
        "source_layer_url": "https://services1.arcgis.com/qAo1OsXi67t7XgmS/arcgis/rest/services/Traffic_Calming/FeatureServer/0",
        "source_attributes": {
          "OBJECTID": 48,
          "TRAFFICCALMINGID": 4976,
          "CATEGORY": "RAISED CROSSWALK",
          "STATUS": "ACTIVE",
          "STREET": "LAURENTIAN DR",
          "LOCATION_DESCRIPTION": "BETWEEN CARTIER DR AND HOWLAND DR",
          "INSTALL_YEAR": null
        },
        "source_geometry": {
          "type": "LineString",
          "coordinates": [
            [
              -80.496814751641,
              43.4182791377093
            ],
            [
              -80.4967851549918,
              43.4182290951229
            ]
          ]
        },
        "source_geometry_crs": "EPSG:4326",
        "evidence": "authoritative_inventory",
        "verification": "municipal_record_not_field_verified",
        "status": "in_service",
        "licence": "Open Government Licence — The Corporation of the City of Kitchener",
        "licence_url": "https://www.arcgis.com/home/item.html?id=2751362c6d5046d997fe166aa6f6e11a",
        "attribution": "Contains information licensed under the Open Government Licence - The Corporation of the City of Kitchener.",
        "municipality": "City of Kitchener",
        "province": "ON",
        "install_year": null
      }
    },
    {
      "type": "Feature",
      "id": "kitchener:5007",
      "geometry": {
        "type": "Point",
        "coordinates": [
          -80.49377063841484,
          43.4167651101876
        ]
      },
      "properties": {
        "name": "Raised crosswalk — LAURENTIAN DR — BETWEEN SHEA CRES AND DUNSMERE DR",
        "feature_type": "raised_crosswalk",
        "source": "City of Kitchener",
        "source_id": "5007",
        "source_url": "https://www.arcgis.com/home/item.html?id=2751362c6d5046d997fe166aa6f6e11a",
        "source_id_basis": "municipal_asset_id",
        "duplicate_source_records": [],
        "source_layer_url": "https://services1.arcgis.com/qAo1OsXi67t7XgmS/arcgis/rest/services/Traffic_Calming/FeatureServer/0",
        "source_attributes": {
          "OBJECTID": 79,
          "TRAFFICCALMINGID": 5007,
          "CATEGORY": "RAISED CROSSWALK",
          "STATUS": "ACTIVE",
          "STREET": "LAURENTIAN DR",
          "LOCATION_DESCRIPTION": "BETWEEN SHEA CRES AND DUNSMERE DR",
          "INSTALL_YEAR": null
        },
        "source_geometry": {
          "type": "LineString",
          "coordinates": [
            [
              -80.4938075414582,
              43.4167574694219
            ],
            [
              -80.4937337353715,
              43.4167727509533
            ]
          ]
        },
        "source_geometry_crs": "EPSG:4326",
        "evidence": "authoritative_inventory",
        "verification": "municipal_record_not_field_verified",
        "status": "in_service",
        "licence": "Open Government Licence — The Corporation of the City of Kitchener",
        "licence_url": "https://www.arcgis.com/home/item.html?id=2751362c6d5046d997fe166aa6f6e11a",
        "attribution": "Contains information licensed under the Open Government Licence - The Corporation of the City of Kitchener.",
        "municipality": "City of Kitchener",
        "province": "ON",
        "install_year": null
      }
    },
    {
      "type": "Feature",
      "id": "kitchener:5016",
      "geometry": {
        "type": "Point",
        "coordinates": [
          -80.46348088340085,
          43.4318359059537
        ]
      },
      "properties": {
        "name": "Raised crosswalk — DIXON ST — BETWEEN CARWOOD AVE AND CARLIN AVE",
        "feature_type": "raised_crosswalk",
        "source": "City of Kitchener",
        "source_id": "5016",
        "source_url": "https://www.arcgis.com/home/item.html?id=2751362c6d5046d997fe166aa6f6e11a",
        "source_id_basis": "municipal_asset_id",
        "duplicate_source_records": [],
        "source_layer_url": "https://services1.arcgis.com/qAo1OsXi67t7XgmS/arcgis/rest/services/Traffic_Calming/FeatureServer/0",
        "source_attributes": {
          "OBJECTID": 88,
          "TRAFFICCALMINGID": 5016,
          "CATEGORY": "RAISED CROSSWALK",
          "STATUS": "ACTIVE",
          "STREET": "DIXON ST",
          "LOCATION_DESCRIPTION": "BETWEEN CARWOOD AVE AND CARLIN AVE",
          "INSTALL_YEAR": null
        },
        "source_geometry": {
          "type": "LineString",
          "coordinates": [
            [
              -80.4634868942475,
              43.4318641025807
            ],
            [
              -80.4634748725542,
              43.4318077093267
            ]
          ]
        },
        "source_geometry_crs": "EPSG:4326",
        "evidence": "authoritative_inventory",
        "verification": "municipal_record_not_field_verified",
        "status": "in_service",
        "licence": "Open Government Licence — The Corporation of the City of Kitchener",
        "licence_url": "https://www.arcgis.com/home/item.html?id=2751362c6d5046d997fe166aa6f6e11a",
        "attribution": "Contains information licensed under the Open Government Licence - The Corporation of the City of Kitchener.",
        "municipality": "City of Kitchener",
        "province": "ON",
        "install_year": null
      }
    },
    {
      "type": "Feature",
      "id": "kitchener:5019",
      "geometry": {
        "type": "Point",
        "coordinates": [
          -80.44402892909905,
          43.3975254694335
        ]
      },
      "properties": {
        "name": "Raised crosswalk — UPPER CANADA DR — BETWEEN DOON VILLAGE RD AND FARRIER DR",
        "feature_type": "raised_crosswalk",
        "source": "City of Kitchener",
        "source_id": "5019",
        "source_url": "https://www.arcgis.com/home/item.html?id=2751362c6d5046d997fe166aa6f6e11a",
        "source_id_basis": "municipal_asset_id",
        "duplicate_source_records": [],
        "source_layer_url": "https://services1.arcgis.com/qAo1OsXi67t7XgmS/arcgis/rest/services/Traffic_Calming/FeatureServer/0",
        "source_attributes": {
          "OBJECTID": 91,
          "TRAFFICCALMINGID": 5019,
          "CATEGORY": "RAISED CROSSWALK",
          "STATUS": "ACTIVE",
          "STREET": "UPPER CANADA DR",
          "LOCATION_DESCRIPTION": "BETWEEN DOON VILLAGE RD AND FARRIER DR",
          "INSTALL_YEAR": null
        },
        "source_geometry": {
          "type": "LineString",
          "coordinates": [
            [
              -80.4440370212046,
              43.3975566573816
            ],
            [
              -80.4440208369935,
              43.3974942814854
            ]
          ]
        },
        "source_geometry_crs": "EPSG:4326",
        "evidence": "authoritative_inventory",
        "verification": "municipal_record_not_field_verified",
        "status": "in_service",
        "licence": "Open Government Licence — The Corporation of the City of Kitchener",
        "licence_url": "https://www.arcgis.com/home/item.html?id=2751362c6d5046d997fe166aa6f6e11a",
        "attribution": "Contains information licensed under the Open Government Licence - The Corporation of the City of Kitchener.",
        "municipality": "City of Kitchener",
        "province": "ON",
        "install_year": null
      }
    },
    {
      "type": "Feature",
      "id": "kitchener:56918",
      "geometry": {
        "type": "Point",
        "coordinates": [
          -80.41645617642581,
          43.4300763276785
        ]
      },
      "properties": {
        "name": "Raised crosswalk — MORRISON RD — BETWEEN QUINTE CRES AND GRAND RIVER BLVD",
        "feature_type": "raised_crosswalk",
        "source": "City of Kitchener",
        "source_id": "56918",
        "source_url": "https://www.arcgis.com/home/item.html?id=2751362c6d5046d997fe166aa6f6e11a",
        "source_id_basis": "municipal_asset_id",
        "duplicate_source_records": [],
        "source_layer_url": "https://services1.arcgis.com/qAo1OsXi67t7XgmS/arcgis/rest/services/Traffic_Calming/FeatureServer/0",
        "source_attributes": {
          "OBJECTID": 2241,
          "TRAFFICCALMINGID": 56918,
          "CATEGORY": "RAISED CROSSWALK",
          "STATUS": "ACTIVE",
          "STREET": "MORRISON RD",
          "LOCATION_DESCRIPTION": "BETWEEN QUINTE CRES AND GRAND RIVER BLVD",
          "INSTALL_YEAR": null
        },
        "source_geometry": {
          "type": "LineString",
          "coordinates": [
            [
              -80.4164117757881,
              43.4300921316122
            ],
            [
              -80.4165005770635,
              43.4300605237448
            ]
          ]
        },
        "source_geometry_crs": "EPSG:4326",
        "evidence": "authoritative_inventory",
        "verification": "municipal_record_not_field_verified",
        "status": "in_service",
        "licence": "Open Government Licence — The Corporation of the City of Kitchener",
        "licence_url": "https://www.arcgis.com/home/item.html?id=2751362c6d5046d997fe166aa6f6e11a",
        "attribution": "Contains information licensed under the Open Government Licence - The Corporation of the City of Kitchener.",
        "municipality": "City of Kitchener",
        "province": "ON",
        "install_year": null
      }
    },
    {
      "type": "Feature",
      "id": "kitchener:62338",
      "geometry": {
        "type": "Point",
        "coordinates": [
          -80.4912951916835,
          43.40800356384
        ]
      },
      "properties": {
        "name": "Raised crosswalk — RITTENHOUSE RD — BETWEEN ROSEBANK CRES AND JULIA CRES",
        "feature_type": "raised_crosswalk",
        "source": "City of Kitchener",
        "source_id": "62338",
        "source_url": "https://www.arcgis.com/home/item.html?id=2751362c6d5046d997fe166aa6f6e11a",
        "source_id_basis": "municipal_asset_id",
        "duplicate_source_records": [],
        "source_layer_url": "https://services1.arcgis.com/qAo1OsXi67t7XgmS/arcgis/rest/services/Traffic_Calming/FeatureServer/0",
        "source_attributes": {
          "OBJECTID": 2881,
          "TRAFFICCALMINGID": 62338,
          "CATEGORY": "RAISED CROSSWALK",
          "STATUS": "ACTIVE",
          "STREET": "RITTENHOUSE RD",
          "LOCATION_DESCRIPTION": "BETWEEN ROSEBANK CRES AND JULIA CRES",
          "INSTALL_YEAR": null
        },
        "source_geometry": {
          "type": "LineString",
          "coordinates": [
            [
              -80.4913190086319,
              43.4080299951284
            ],
            [
              -80.4912713747351,
              43.4079771325516
            ]
          ]
        },
        "source_geometry_crs": "EPSG:4326",
        "evidence": "authoritative_inventory",
        "verification": "municipal_record_not_field_verified",
        "status": "in_service",
        "licence": "Open Government Licence — The Corporation of the City of Kitchener",
        "licence_url": "https://www.arcgis.com/home/item.html?id=2751362c6d5046d997fe166aa6f6e11a",
        "attribution": "Contains information licensed under the Open Government Licence - The Corporation of the City of Kitchener.",
        "municipality": "City of Kitchener",
        "province": "ON",
        "install_year": null
      }
    },
    {
      "type": "Feature",
      "id": "kitchener:62339",
      "geometry": {
        "type": "Point",
        "coordinates": [
          -80.48177264204095,
          43.3895482648488
        ]
      },
      "properties": {
        "name": "Raised crosswalk — PARKVALE DR — BETWEEN PARKVALE CRT AND BIANCE CRT",
        "feature_type": "raised_crosswalk",
        "source": "City of Kitchener",
        "source_id": "62339",
        "source_url": "https://www.arcgis.com/home/item.html?id=2751362c6d5046d997fe166aa6f6e11a",
        "source_id_basis": "municipal_asset_id",
        "duplicate_source_records": [],
        "source_layer_url": "https://services1.arcgis.com/qAo1OsXi67t7XgmS/arcgis/rest/services/Traffic_Calming/FeatureServer/0",
        "source_attributes": {
          "OBJECTID": 2882,
          "TRAFFICCALMINGID": 62339,
          "CATEGORY": "RAISED CROSSWALK",
          "STATUS": "ACTIVE",
          "STREET": "PARKVALE DR",
          "LOCATION_DESCRIPTION": "BETWEEN PARKVALE CRT AND BIANCE CRT",
          "INSTALL_YEAR": null
        },
        "source_geometry": {
          "type": "LineString",
          "coordinates": [
            [
              -80.4817828746536,
              43.3895791222123
            ],
            [
              -80.4817624094283,
              43.3895174074853
            ]
          ]
        },
        "source_geometry_crs": "EPSG:4326",
        "evidence": "authoritative_inventory",
        "verification": "municipal_record_not_field_verified",
        "status": "in_service",
        "licence": "Open Government Licence — The Corporation of the City of Kitchener",
        "licence_url": "https://www.arcgis.com/home/item.html?id=2751362c6d5046d997fe166aa6f6e11a",
        "attribution": "Contains information licensed under the Open Government Licence - The Corporation of the City of Kitchener.",
        "municipality": "City of Kitchener",
        "province": "ON",
        "install_year": null
      }
    },
    {
      "type": "Feature",
      "id": "kitchener:62347",
      "geometry": {
        "type": "Point",
        "coordinates": [
          -80.4616808993936,
          43.4161403722897
        ]
      },
      "properties": {
        "name": "Raised crosswalk — FALLOWFIELD DR — BETWEEN BRISBANE DR AND ANASTASIA DR",
        "feature_type": "raised_crosswalk",
        "source": "City of Kitchener",
        "source_id": "62347",
        "source_url": "https://www.arcgis.com/home/item.html?id=2751362c6d5046d997fe166aa6f6e11a",
        "source_id_basis": "municipal_asset_id",
        "duplicate_source_records": [],
        "source_layer_url": "https://services1.arcgis.com/qAo1OsXi67t7XgmS/arcgis/rest/services/Traffic_Calming/FeatureServer/0",
        "source_attributes": {
          "OBJECTID": 2890,
          "TRAFFICCALMINGID": 62347,
          "CATEGORY": "RAISED CROSSWALK",
          "STATUS": "ACTIVE",
          "STREET": "FALLOWFIELD DR",
          "LOCATION_DESCRIPTION": "BETWEEN BRISBANE DR AND ANASTASIA DR",
          "INSTALL_YEAR": null
        },
        "source_geometry": {
          "type": "LineString",
          "coordinates": [
            [
              -80.4617203584688,
              43.416132896183
            ],
            [
              -80.4616414403184,
              43.4161478483964
            ]
          ]
        },
        "source_geometry_crs": "EPSG:4326",
        "evidence": "authoritative_inventory",
        "verification": "municipal_record_not_field_verified",
        "status": "in_service",
        "licence": "Open Government Licence — The Corporation of the City of Kitchener",
        "licence_url": "https://www.arcgis.com/home/item.html?id=2751362c6d5046d997fe166aa6f6e11a",
        "attribution": "Contains information licensed under the Open Government Licence - The Corporation of the City of Kitchener.",
        "municipality": "City of Kitchener",
        "province": "ON",
        "install_year": null
      }
    },
    {
      "type": "Feature",
      "id": "kitchener:62348",
      "geometry": {
        "type": "Point",
        "coordinates": [
          -80.43040258481986,
          43.3850270863504
        ]
      },
      "properties": {
        "name": "Raised crosswalk — DOON MILLS DR — BETWEEN PINE VALLEY DR AND SUGARMILL CRT",
        "feature_type": "raised_crosswalk",
        "source": "City of Kitchener",
        "source_id": "62348",
        "source_url": "https://www.arcgis.com/home/item.html?id=2751362c6d5046d997fe166aa6f6e11a",
        "source_id_basis": "municipal_asset_id",
        "duplicate_source_records": [],
        "source_layer_url": "https://services1.arcgis.com/qAo1OsXi67t7XgmS/arcgis/rest/services/Traffic_Calming/FeatureServer/0",
        "source_attributes": {
          "OBJECTID": 2891,
          "TRAFFICCALMINGID": 62348,
          "CATEGORY": "RAISED CROSSWALK",
          "STATUS": "ACTIVE",
          "STREET": "DOON MILLS DR",
          "LOCATION_DESCRIPTION": "BETWEEN PINE VALLEY DR AND SUGARMILL CRT",
          "INSTALL_YEAR": null
        },
        "source_geometry": {
          "type": "LineString",
          "coordinates": [
            [
              -80.4303711304982,
              43.3850479600511
            ],
            [
              -80.4304340391415,
              43.3850062126497
            ]
          ]
        },
        "source_geometry_crs": "EPSG:4326",
        "evidence": "authoritative_inventory",
        "verification": "municipal_record_not_field_verified",
        "status": "in_service",
        "licence": "Open Government Licence — The Corporation of the City of Kitchener",
        "licence_url": "https://www.arcgis.com/home/item.html?id=2751362c6d5046d997fe166aa6f6e11a",
        "attribution": "Contains information licensed under the Open Government Licence - The Corporation of the City of Kitchener.",
        "municipality": "City of Kitchener",
        "province": "ON",
        "install_year": null
      }
    },
    {
      "type": "Feature",
      "id": "kitchener:62349",
      "geometry": {
        "type": "Point",
        "coordinates": [
          -80.41332103420154,
          43.4260667666595
        ]
      },
      "properties": {
        "name": "Raised crosswalk — MORRISON RD — BETWEEN KING ST E AND MANOR DR",
        "feature_type": "raised_crosswalk",
        "source": "City of Kitchener",
        "source_id": "62349",
        "source_url": "https://www.arcgis.com/home/item.html?id=2751362c6d5046d997fe166aa6f6e11a",
        "source_id_basis": "municipal_asset_id",
        "duplicate_source_records": [],
        "source_layer_url": "https://services1.arcgis.com/qAo1OsXi67t7XgmS/arcgis/rest/services/Traffic_Calming/FeatureServer/0",
        "source_attributes": {
          "OBJECTID": 2892,
          "TRAFFICCALMINGID": 62349,
          "CATEGORY": "RAISED CROSSWALK",
          "STATUS": "ACTIVE",
          "STREET": "MORRISON RD",
          "LOCATION_DESCRIPTION": "BETWEEN KING ST E AND MANOR DR",
          "INSTALL_YEAR": null
        },
        "source_geometry": {
          "type": "LineString",
          "coordinates": [
            [
              -80.4133104847678,
              43.4260370943898
            ],
            [
              -80.4133315836353,
              43.4260964389292
            ]
          ]
        },
        "source_geometry_crs": "EPSG:4326",
        "evidence": "authoritative_inventory",
        "verification": "municipal_record_not_field_verified",
        "status": "in_service",
        "licence": "Open Government Licence — The Corporation of the City of Kitchener",
        "licence_url": "https://www.arcgis.com/home/item.html?id=2751362c6d5046d997fe166aa6f6e11a",
        "attribution": "Contains information licensed under the Open Government Licence - The Corporation of the City of Kitchener.",
        "municipality": "City of Kitchener",
        "province": "ON",
        "install_year": null
      }
    },
    {
      "type": "Feature",
      "id": "kitchener:6587",
      "geometry": {
        "type": "Point",
        "coordinates": [
          -80.44480426144494,
          43.389969358379005
        ]
      },
      "properties": {
        "name": "Raised crosswalk — BECHTEL DR — BETWEEN ANVIL ST AND SABRINA CRES",
        "feature_type": "raised_crosswalk",
        "source": "City of Kitchener",
        "source_id": "6587",
        "source_url": "https://www.arcgis.com/home/item.html?id=2751362c6d5046d997fe166aa6f6e11a",
        "source_id_basis": "municipal_asset_id",
        "duplicate_source_records": [],
        "source_layer_url": "https://services1.arcgis.com/qAo1OsXi67t7XgmS/arcgis/rest/services/Traffic_Calming/FeatureServer/0",
        "source_attributes": {
          "OBJECTID": 323,
          "TRAFFICCALMINGID": 6587,
          "CATEGORY": "RAISED CROSSWALK",
          "STATUS": "ACTIVE",
          "STREET": "BECHTEL DR",
          "LOCATION_DESCRIPTION": "BETWEEN ANVIL ST AND SABRINA CRES",
          "INSTALL_YEAR": null
        },
        "source_geometry": {
          "type": "LineString",
          "coordinates": [
            [
              -80.4448194165883,
              43.3899992074229
            ],
            [
              -80.4447891063016,
              43.3899395093351
            ]
          ]
        },
        "source_geometry_crs": "EPSG:4326",
        "evidence": "authoritative_inventory",
        "verification": "municipal_record_not_field_verified",
        "status": "in_service",
        "licence": "Open Government Licence — The Corporation of the City of Kitchener",
        "licence_url": "https://www.arcgis.com/home/item.html?id=2751362c6d5046d997fe166aa6f6e11a",
        "attribution": "Contains information licensed under the Open Government Licence - The Corporation of the City of Kitchener.",
        "municipality": "City of Kitchener",
        "province": "ON",
        "install_year": null
      }
    },
    {
      "type": "Feature",
      "id": "kitchener:6591",
      "geometry": {
        "type": "Point",
        "coordinates": [
          -80.4495154382918,
          43.393031821450094
        ]
      },
      "properties": {
        "name": "Raised crosswalk — PIONEER DR — BETWEEN NATHANIEL CRES AND NATHANIEL CRES",
        "feature_type": "raised_crosswalk",
        "source": "City of Kitchener",
        "source_id": "6591",
        "source_url": "https://www.arcgis.com/home/item.html?id=2751362c6d5046d997fe166aa6f6e11a",
        "source_id_basis": "municipal_asset_id",
        "duplicate_source_records": [],
        "source_layer_url": "https://services1.arcgis.com/qAo1OsXi67t7XgmS/arcgis/rest/services/Traffic_Calming/FeatureServer/0",
        "source_attributes": {
          "OBJECTID": 327,
          "TRAFFICCALMINGID": 6591,
          "CATEGORY": "RAISED CROSSWALK",
          "STATUS": "ACTIVE",
          "STREET": "PIONEER DR",
          "LOCATION_DESCRIPTION": "BETWEEN NATHANIEL CRES AND NATHANIEL CRES",
          "INSTALL_YEAR": null
        },
        "source_geometry": {
          "type": "LineString",
          "coordinates": [
            [
              -80.4495495085602,
              43.3930507115469
            ],
            [
              -80.4494813680234,
              43.3930129313533
            ]
          ]
        },
        "source_geometry_crs": "EPSG:4326",
        "evidence": "authoritative_inventory",
        "verification": "municipal_record_not_field_verified",
        "status": "in_service",
        "licence": "Open Government Licence — The Corporation of the City of Kitchener",
        "licence_url": "https://www.arcgis.com/home/item.html?id=2751362c6d5046d997fe166aa6f6e11a",
        "attribution": "Contains information licensed under the Open Government Licence - The Corporation of the City of Kitchener.",
        "municipality": "City of Kitchener",
        "province": "ON",
        "install_year": null
      }
    },
    {
      "type": "Feature",
      "id": "kitchener:68125",
      "geometry": {
        "type": "Point",
        "coordinates": [
          -80.46995159392065,
          43.41419288230665
        ]
      },
      "properties": {
        "name": "Raised crosswalk — COUNTRY HILL DR — BETWEEN FOUR SEASONS CRT AND COACH HILL DR",
        "feature_type": "raised_crosswalk",
        "source": "City of Kitchener",
        "source_id": "68125",
        "source_url": "https://www.arcgis.com/home/item.html?id=2751362c6d5046d997fe166aa6f6e11a",
        "source_id_basis": "municipal_asset_id",
        "duplicate_source_records": [],
        "source_layer_url": "https://services1.arcgis.com/qAo1OsXi67t7XgmS/arcgis/rest/services/Traffic_Calming/FeatureServer/0",
        "source_attributes": {
          "OBJECTID": 3211,
          "TRAFFICCALMINGID": 68125,
          "CATEGORY": "RAISED CROSSWALK",
          "STATUS": "ACTIVE",
          "STREET": "COUNTRY HILL DR",
          "LOCATION_DESCRIPTION": "BETWEEN FOUR SEASONS CRT AND COACH HILL DR",
          "INSTALL_YEAR": null
        },
        "source_geometry": {
          "type": "LineString",
          "coordinates": [
            [
              -80.4699532363007,
              43.4141616333408
            ],
            [
              -80.4699499515406,
              43.4142241312725
            ]
          ]
        },
        "source_geometry_crs": "EPSG:4326",
        "evidence": "authoritative_inventory",
        "verification": "municipal_record_not_field_verified",
        "status": "in_service",
        "licence": "Open Government Licence — The Corporation of the City of Kitchener",
        "licence_url": "https://www.arcgis.com/home/item.html?id=2751362c6d5046d997fe166aa6f6e11a",
        "attribution": "Contains information licensed under the Open Government Licence - The Corporation of the City of Kitchener.",
        "municipality": "City of Kitchener",
        "province": "ON",
        "install_year": null
      }
    },
    {
      "type": "Feature",
      "id": "kitchener:71533",
      "geometry": {
        "type": "Point",
        "coordinates": [
          -80.503569392171,
          43.4147622508304
        ]
      },
      "properties": {
        "name": "Raised crosswalk — WILLIAMSBURG RD — BETWEEN LITTLEFIELD CRES AND PINEDALE DR",
        "feature_type": "raised_crosswalk",
        "source": "City of Kitchener",
        "source_id": "71533",
        "source_url": "https://www.arcgis.com/home/item.html?id=2751362c6d5046d997fe166aa6f6e11a",
        "source_id_basis": "municipal_asset_id",
        "duplicate_source_records": [],
        "source_layer_url": "https://services1.arcgis.com/qAo1OsXi67t7XgmS/arcgis/rest/services/Traffic_Calming/FeatureServer/0",
        "source_attributes": {
          "OBJECTID": 3523,
          "TRAFFICCALMINGID": 71533,
          "CATEGORY": "RAISED CROSSWALK",
          "STATUS": "ACTIVE",
          "STREET": "WILLIAMSBURG RD",
          "LOCATION_DESCRIPTION": "BETWEEN LITTLEFIELD CRES AND PINEDALE DR",
          "INSTALL_YEAR": null
        },
        "source_geometry": {
          "type": "LineString",
          "coordinates": [
            [
              -80.5036002329789,
              43.4147448405037
            ],
            [
              -80.5035385513631,
              43.4147796611571
            ]
          ]
        },
        "source_geometry_crs": "EPSG:4326",
        "evidence": "authoritative_inventory",
        "verification": "municipal_record_not_field_verified",
        "status": "in_service",
        "licence": "Open Government Licence — The Corporation of the City of Kitchener",
        "licence_url": "https://www.arcgis.com/home/item.html?id=2751362c6d5046d997fe166aa6f6e11a",
        "attribution": "Contains information licensed under the Open Government Licence - The Corporation of the City of Kitchener.",
        "municipality": "City of Kitchener",
        "province": "ON",
        "install_year": null
      }
    },
    {
      "type": "Feature",
      "id": "surrey:1001075135",
      "geometry": {
        "type": "Point",
        "coordinates": [
          -122.71813912026089,
          49.12593738815912
        ]
      },
      "properties": {
        "name": "Raised crosswalk — 167",
        "feature_type": "raised_crosswalk",
        "source": "City of Surrey",
        "source_id": "1001075135",
        "source_url": "https://www.arcgis.com/home/item.html?id=9dd77c3dbf544a1989ca0f95371b6da1",
        "source_id_basis": "municipal_asset_id",
        "duplicate_source_records": [],
        "source_layer_url": "https://gisservices.surrey.ca/arcgis/rest/services/OpenData/MapServer/116",
        "source_attributes": {
          "OBJECTID": 741,
          "FACILITYID": "1001075135",
          "DEVICE_TYPE2": "Raised Crossing",
          "STATUS": "In Service",
          "LOCATION": "167",
          "YEAR_BUILT": 2006
        },
        "source_geometry": {
          "type": "Point",
          "coordinates": [
            -122.71813912026089,
            49.12593738815912
          ]
        },
        "source_geometry_crs": "EPSG:4326",
        "evidence": "authoritative_inventory",
        "verification": "municipal_record_not_field_verified",
        "status": "in_service",
        "licence": "Open Government License — City of Surrey",
        "licence_url": "https://opendata-surrey.hub.arcgis.com/pages/55089a19491a4fe59a41e059fd8af708",
        "attribution": "Contains information licensed under the Open Government License – City of Surrey.",
        "municipality": "City of Surrey",
        "province": "BC",
        "install_year": 2006
      }
    },
    {
      "type": "Feature",
      "id": "surrey:1001075143",
      "geometry": {
        "type": "Point",
        "coordinates": [
          -122.78174013457797,
          49.06595810465036
        ]
      },
      "properties": {
        "name": "Raised crosswalk — 256",
        "feature_type": "raised_crosswalk",
        "source": "City of Surrey",
        "source_id": "1001075143",
        "source_url": "https://www.arcgis.com/home/item.html?id=9dd77c3dbf544a1989ca0f95371b6da1",
        "source_id_basis": "municipal_asset_id",
        "duplicate_source_records": [],
        "source_layer_url": "https://gisservices.surrey.ca/arcgis/rest/services/OpenData/MapServer/116",
        "source_attributes": {
          "OBJECTID": 830,
          "FACILITYID": "1001075143",
          "DEVICE_TYPE2": "Raised Crossing",
          "STATUS": "In Service",
          "LOCATION": "256",
          "YEAR_BUILT": 2008
        },
        "source_geometry": {
          "type": "Point",
          "coordinates": [
            -122.78174013457797,
            49.06595810465036
          ]
        },
        "source_geometry_crs": "EPSG:4326",
        "evidence": "authoritative_inventory",
        "verification": "municipal_record_not_field_verified",
        "status": "in_service",
        "licence": "Open Government License — City of Surrey",
        "licence_url": "https://opendata-surrey.hub.arcgis.com/pages/55089a19491a4fe59a41e059fd8af708",
        "attribution": "Contains information licensed under the Open Government License – City of Surrey.",
        "municipality": "City of Surrey",
        "province": "BC",
        "install_year": 2008
      }
    },
    {
      "type": "Feature",
      "id": "surrey:1001075160",
      "geometry": {
        "type": "Point",
        "coordinates": [
          -122.77670320691023,
          49.206078800416485
        ]
      },
      "properties": {
        "name": "Raised crosswalk — 230",
        "feature_type": "raised_crosswalk",
        "source": "City of Surrey",
        "source_id": "1001075160",
        "source_url": "https://www.arcgis.com/home/item.html?id=9dd77c3dbf544a1989ca0f95371b6da1",
        "source_id_basis": "municipal_asset_id",
        "duplicate_source_records": [],
        "source_layer_url": "https://gisservices.surrey.ca/arcgis/rest/services/OpenData/MapServer/116",
        "source_attributes": {
          "OBJECTID": 804,
          "FACILITYID": "1001075160",
          "DEVICE_TYPE2": "Raised Crossing",
          "STATUS": "In Service",
          "LOCATION": "230",
          "YEAR_BUILT": null
        },
        "source_geometry": {
          "type": "Point",
          "coordinates": [
            -122.77670320691023,
            49.206078800416485
          ]
        },
        "source_geometry_crs": "EPSG:4326",
        "evidence": "authoritative_inventory",
        "verification": "municipal_record_not_field_verified",
        "status": "in_service",
        "licence": "Open Government License — City of Surrey",
        "licence_url": "https://opendata-surrey.hub.arcgis.com/pages/55089a19491a4fe59a41e059fd8af708",
        "attribution": "Contains information licensed under the Open Government License – City of Surrey.",
        "municipality": "City of Surrey",
        "province": "BC",
        "install_year": null
      }
    },
    {
      "type": "Feature",
      "id": "surrey:1001075168",
      "geometry": {
        "type": "Point",
        "coordinates": [
          -122.85101965182336,
          49.115409546855425
        ]
      },
      "properties": {
        "name": "Raised crosswalk — 86",
        "feature_type": "raised_crosswalk",
        "source": "City of Surrey",
        "source_id": "1001075168",
        "source_url": "https://www.arcgis.com/home/item.html?id=9dd77c3dbf544a1989ca0f95371b6da1",
        "source_id_basis": "municipal_asset_id",
        "duplicate_source_records": [],
        "source_layer_url": "https://gisservices.surrey.ca/arcgis/rest/services/OpenData/MapServer/116",
        "source_attributes": {
          "OBJECTID": 660,
          "FACILITYID": "1001075168",
          "DEVICE_TYPE2": "Raised Crossing",
          "STATUS": "In Service",
          "LOCATION": "86",
          "YEAR_BUILT": 2007
        },
        "source_geometry": {
          "type": "Point",
          "coordinates": [
            -122.85101965182336,
            49.115409546855425
          ]
        },
        "source_geometry_crs": "EPSG:4326",
        "evidence": "authoritative_inventory",
        "verification": "municipal_record_not_field_verified",
        "status": "in_service",
        "licence": "Open Government License — City of Surrey",
        "licence_url": "https://opendata-surrey.hub.arcgis.com/pages/55089a19491a4fe59a41e059fd8af708",
        "attribution": "Contains information licensed under the Open Government License – City of Surrey.",
        "municipality": "City of Surrey",
        "province": "BC",
        "install_year": 2007
      }
    },
    {
      "type": "Feature",
      "id": "surrey:1001075175",
      "geometry": {
        "type": "Point",
        "coordinates": [
          -122.78738232344487,
          49.071878511021765
        ]
      },
      "properties": {
        "name": "Raised crosswalk — 19",
        "feature_type": "raised_crosswalk",
        "source": "City of Surrey",
        "source_id": "1001075175",
        "source_url": "https://www.arcgis.com/home/item.html?id=9dd77c3dbf544a1989ca0f95371b6da1",
        "source_id_basis": "municipal_asset_id",
        "duplicate_source_records": [],
        "source_layer_url": "https://gisservices.surrey.ca/arcgis/rest/services/OpenData/MapServer/116",
        "source_attributes": {
          "OBJECTID": 593,
          "FACILITYID": "1001075175",
          "DEVICE_TYPE2": "Raised Crossing",
          "STATUS": "In Service",
          "LOCATION": "19",
          "YEAR_BUILT": 2005
        },
        "source_geometry": {
          "type": "Point",
          "coordinates": [
            -122.78738232344487,
            49.071878511021765
          ]
        },
        "source_geometry_crs": "EPSG:4326",
        "evidence": "authoritative_inventory",
        "verification": "municipal_record_not_field_verified",
        "status": "in_service",
        "licence": "Open Government License — City of Surrey",
        "licence_url": "https://opendata-surrey.hub.arcgis.com/pages/55089a19491a4fe59a41e059fd8af708",
        "attribution": "Contains information licensed under the Open Government License – City of Surrey.",
        "municipality": "City of Surrey",
        "province": "BC",
        "install_year": 2005
      }
    },
    {
      "type": "Feature",
      "id": "surrey:1001075222",
      "geometry": {
        "type": "Point",
        "coordinates": [
          -122.78717569296717,
          49.14823675533487
        ]
      },
      "properties": {
        "name": "Raised crosswalk — 136",
        "feature_type": "raised_crosswalk",
        "source": "City of Surrey",
        "source_id": "1001075222",
        "source_url": "https://www.arcgis.com/home/item.html?id=9dd77c3dbf544a1989ca0f95371b6da1",
        "source_id_basis": "municipal_asset_id",
        "duplicate_source_records": [],
        "source_layer_url": "https://gisservices.surrey.ca/arcgis/rest/services/OpenData/MapServer/116",
        "source_attributes": {
          "OBJECTID": 710,
          "FACILITYID": "1001075222",
          "DEVICE_TYPE2": "Raised Crossing",
          "STATUS": "In Service",
          "LOCATION": "136",
          "YEAR_BUILT": 2014
        },
        "source_geometry": {
          "type": "Point",
          "coordinates": [
            -122.78717569296717,
            49.14823675533487
          ]
        },
        "source_geometry_crs": "EPSG:4326",
        "evidence": "authoritative_inventory",
        "verification": "municipal_record_not_field_verified",
        "status": "in_service",
        "licence": "Open Government License — City of Surrey",
        "licence_url": "https://opendata-surrey.hub.arcgis.com/pages/55089a19491a4fe59a41e059fd8af708",
        "attribution": "Contains information licensed under the Open Government License – City of Surrey.",
        "municipality": "City of Surrey",
        "province": "BC",
        "install_year": 2014
      }
    },
    {
      "type": "Feature",
      "id": "surrey:1001075249",
      "geometry": {
        "type": "Point",
        "coordinates": [
          -122.7733678392877,
          49.15183967322243
        ]
      },
      "properties": {
        "name": "Raised crosswalk — 144",
        "feature_type": "raised_crosswalk",
        "source": "City of Surrey",
        "source_id": "1001075249",
        "source_url": "https://www.arcgis.com/home/item.html?id=9dd77c3dbf544a1989ca0f95371b6da1",
        "source_id_basis": "municipal_asset_id",
        "duplicate_source_records": [],
        "source_layer_url": "https://gisservices.surrey.ca/arcgis/rest/services/OpenData/MapServer/116",
        "source_attributes": {
          "OBJECTID": 718,
          "FACILITYID": "1001075249",
          "DEVICE_TYPE2": "Raised Crossing",
          "STATUS": "In Service",
          "LOCATION": "144",
          "YEAR_BUILT": null
        },
        "source_geometry": {
          "type": "Point",
          "coordinates": [
            -122.7733678392877,
            49.15183967322243
          ]
        },
        "source_geometry_crs": "EPSG:4326",
        "evidence": "authoritative_inventory",
        "verification": "municipal_record_not_field_verified",
        "status": "in_service",
        "licence": "Open Government License — City of Surrey",
        "licence_url": "https://opendata-surrey.hub.arcgis.com/pages/55089a19491a4fe59a41e059fd8af708",
        "attribution": "Contains information licensed under the Open Government License – City of Surrey.",
        "municipality": "City of Surrey",
        "province": "BC",
        "install_year": null
      }
    },
    {
      "type": "Feature",
      "id": "surrey:1001075255",
      "geometry": {
        "type": "Point",
        "coordinates": [
          -122.78428011726096,
          49.14822955681959
        ]
      },
      "properties": {
        "name": "Raised crosswalk — 138",
        "feature_type": "raised_crosswalk",
        "source": "City of Surrey",
        "source_id": "1001075255",
        "source_url": "https://www.arcgis.com/home/item.html?id=9dd77c3dbf544a1989ca0f95371b6da1",
        "source_id_basis": "municipal_asset_id",
        "duplicate_source_records": [],
        "source_layer_url": "https://gisservices.surrey.ca/arcgis/rest/services/OpenData/MapServer/116",
        "source_attributes": {
          "OBJECTID": 712,
          "FACILITYID": "1001075255",
          "DEVICE_TYPE2": "Raised Crossing",
          "STATUS": "In Service",
          "LOCATION": "138",
          "YEAR_BUILT": 2008
        },
        "source_geometry": {
          "type": "Point",
          "coordinates": [
            -122.78428011726096,
            49.14822955681959
          ]
        },
        "source_geometry_crs": "EPSG:4326",
        "evidence": "authoritative_inventory",
        "verification": "municipal_record_not_field_verified",
        "status": "in_service",
        "licence": "Open Government License — City of Surrey",
        "licence_url": "https://opendata-surrey.hub.arcgis.com/pages/55089a19491a4fe59a41e059fd8af708",
        "attribution": "Contains information licensed under the Open Government License – City of Surrey.",
        "municipality": "City of Surrey",
        "province": "BC",
        "install_year": 2008
      }
    },
    {
      "type": "Feature",
      "id": "surrey:1001075260",
      "geometry": {
        "type": "Point",
        "coordinates": [
          -122.79009764175957,
          49.149962862911664
        ]
      },
      "properties": {
        "name": "Raised crosswalk — 139",
        "feature_type": "raised_crosswalk",
        "source": "City of Surrey",
        "source_id": "1001075260",
        "source_url": "https://www.arcgis.com/home/item.html?id=9dd77c3dbf544a1989ca0f95371b6da1",
        "source_id_basis": "municipal_asset_id",
        "duplicate_source_records": [],
        "source_layer_url": "https://gisservices.surrey.ca/arcgis/rest/services/OpenData/MapServer/116",
        "source_attributes": {
          "OBJECTID": 713,
          "FACILITYID": "1001075260",
          "DEVICE_TYPE2": "Raised Crossing",
          "STATUS": "In Service",
          "LOCATION": "139",
          "YEAR_BUILT": 2008
        },
        "source_geometry": {
          "type": "Point",
          "coordinates": [
            -122.79009764175957,
            49.149962862911664
          ]
        },
        "source_geometry_crs": "EPSG:4326",
        "evidence": "authoritative_inventory",
        "verification": "municipal_record_not_field_verified",
        "status": "in_service",
        "licence": "Open Government License — City of Surrey",
        "licence_url": "https://opendata-surrey.hub.arcgis.com/pages/55089a19491a4fe59a41e059fd8af708",
        "attribution": "Contains information licensed under the Open Government License – City of Surrey.",
        "municipality": "City of Surrey",
        "province": "BC",
        "install_year": 2008
      }
    },
    {
      "type": "Feature",
      "id": "surrey:1001075264",
      "geometry": {
        "type": "Point",
        "coordinates": [
          -122.80695327471736,
          49.10574514227223
        ]
      },
      "properties": {
        "name": "Raised crosswalk — 99",
        "feature_type": "raised_crosswalk",
        "source": "City of Surrey",
        "source_id": "1001075264",
        "source_url": "https://www.arcgis.com/home/item.html?id=9dd77c3dbf544a1989ca0f95371b6da1",
        "source_id_basis": "municipal_asset_id",
        "duplicate_source_records": [],
        "source_layer_url": "https://gisservices.surrey.ca/arcgis/rest/services/OpenData/MapServer/116",
        "source_attributes": {
          "OBJECTID": 673,
          "FACILITYID": "1001075264",
          "DEVICE_TYPE2": "Raised Crossing",
          "STATUS": "In Service",
          "LOCATION": "99",
          "YEAR_BUILT": 2008
        },
        "source_geometry": {
          "type": "Point",
          "coordinates": [
            -122.80695327471736,
            49.10574514227223
          ]
        },
        "source_geometry_crs": "EPSG:4326",
        "evidence": "authoritative_inventory",
        "verification": "municipal_record_not_field_verified",
        "status": "in_service",
        "licence": "Open Government License — City of Surrey",
        "licence_url": "https://opendata-surrey.hub.arcgis.com/pages/55089a19491a4fe59a41e059fd8af708",
        "attribution": "Contains information licensed under the Open Government License – City of Surrey.",
        "municipality": "City of Surrey",
        "province": "BC",
        "install_year": 2008
      }
    },
    {
      "type": "Feature",
      "id": "surrey:1001075274",
      "geometry": {
        "type": "Point",
        "coordinates": [
          -122.78195475312334,
          49.14823114973484
        ]
      },
      "properties": {
        "name": "Raised crosswalk — 137",
        "feature_type": "raised_crosswalk",
        "source": "City of Surrey",
        "source_id": "1001075274",
        "source_url": "https://www.arcgis.com/home/item.html?id=9dd77c3dbf544a1989ca0f95371b6da1",
        "source_id_basis": "municipal_asset_id",
        "duplicate_source_records": [
          {
            "attributes": {
              "OBJECTID": 711,
              "FACILITYID": "1001075274",
              "DEVICE_TYPE2": "Raised Crossing",
              "STATUS": "In Service",
              "LOCATION": "137",
              "YEAR_BUILT": 2008
            },
            "geometry": {
              "x": -122.78195475378982,
              "y": 49.1482311501044
            }
          }
        ],
        "source_layer_url": "https://gisservices.surrey.ca/arcgis/rest/services/OpenData/MapServer/116",
        "source_attributes": {
          "OBJECTID": 108910,
          "FACILITYID": "1001075274",
          "DEVICE_TYPE2": "Raised Crossing",
          "STATUS": "In Service",
          "LOCATION": "137",
          "YEAR_BUILT": 2008
        },
        "source_geometry": {
          "type": "Point",
          "coordinates": [
            -122.78195475312334,
            49.14823114973484
          ]
        },
        "source_geometry_crs": "EPSG:4326",
        "evidence": "authoritative_inventory",
        "verification": "municipal_record_not_field_verified",
        "status": "in_service",
        "licence": "Open Government License — City of Surrey",
        "licence_url": "https://opendata-surrey.hub.arcgis.com/pages/55089a19491a4fe59a41e059fd8af708",
        "attribution": "Contains information licensed under the Open Government License – City of Surrey.",
        "municipality": "City of Surrey",
        "province": "BC",
        "install_year": 2008
      }
    },
    {
      "type": "Feature",
      "id": "surrey:1001075286",
      "geometry": {
        "type": "Point",
        "coordinates": [
          -122.76209567304548,
          49.155470912862185
        ]
      },
      "properties": {
        "name": "Raised crosswalk — 16600blk 84 Ave",
        "feature_type": "raised_crosswalk",
        "source": "City of Surrey",
        "source_id": "1001075286",
        "source_url": "https://www.arcgis.com/home/item.html?id=9dd77c3dbf544a1989ca0f95371b6da1",
        "source_id_basis": "municipal_asset_id",
        "duplicate_source_records": [],
        "source_layer_url": "https://gisservices.surrey.ca/arcgis/rest/services/OpenData/MapServer/116",
        "source_attributes": {
          "OBJECTID": 724,
          "FACILITYID": "1001075286",
          "DEVICE_TYPE2": "Raised Crossing",
          "STATUS": "In Service",
          "LOCATION": "16600blk 84 Ave",
          "YEAR_BUILT": 2007
        },
        "source_geometry": {
          "type": "Point",
          "coordinates": [
            -122.76209567304548,
            49.155470912862185
          ]
        },
        "source_geometry_crs": "EPSG:4326",
        "evidence": "authoritative_inventory",
        "verification": "municipal_record_not_field_verified",
        "status": "in_service",
        "licence": "Open Government License — City of Surrey",
        "licence_url": "https://opendata-surrey.hub.arcgis.com/pages/55089a19491a4fe59a41e059fd8af708",
        "attribution": "Contains information licensed under the Open Government License – City of Surrey.",
        "municipality": "City of Surrey",
        "province": "BC",
        "install_year": 2007
      }
    },
    {
      "type": "Feature",
      "id": "surrey:1001075296",
      "geometry": {
        "type": "Point",
        "coordinates": [
          -122.84858872339122,
          49.11540523297686
        ]
      },
      "properties": {
        "name": "Raised crosswalk — 87",
        "feature_type": "raised_crosswalk",
        "source": "City of Surrey",
        "source_id": "1001075296",
        "source_url": "https://www.arcgis.com/home/item.html?id=9dd77c3dbf544a1989ca0f95371b6da1",
        "source_id_basis": "municipal_asset_id",
        "duplicate_source_records": [],
        "source_layer_url": "https://gisservices.surrey.ca/arcgis/rest/services/OpenData/MapServer/116",
        "source_attributes": {
          "OBJECTID": 661,
          "FACILITYID": "1001075296",
          "DEVICE_TYPE2": "Raised Crossing",
          "STATUS": "In Service",
          "LOCATION": "87",
          "YEAR_BUILT": null
        },
        "source_geometry": {
          "type": "Point",
          "coordinates": [
            -122.84858872339122,
            49.11540523297686
          ]
        },
        "source_geometry_crs": "EPSG:4326",
        "evidence": "authoritative_inventory",
        "verification": "municipal_record_not_field_verified",
        "status": "in_service",
        "licence": "Open Government License — City of Surrey",
        "licence_url": "https://opendata-surrey.hub.arcgis.com/pages/55089a19491a4fe59a41e059fd8af708",
        "attribution": "Contains information licensed under the Open Government License – City of Surrey.",
        "municipality": "City of Surrey",
        "province": "BC",
        "install_year": null
      }
    },
    {
      "type": "Feature",
      "id": "surrey:1001075315",
      "geometry": {
        "type": "Point",
        "coordinates": [
          -122.90123494626225,
          49.179123619423116
        ]
      },
      "properties": {
        "name": "Raised crosswalk — 182",
        "feature_type": "raised_crosswalk",
        "source": "City of Surrey",
        "source_id": "1001075315",
        "source_url": "https://www.arcgis.com/home/item.html?id=9dd77c3dbf544a1989ca0f95371b6da1",
        "source_id_basis": "municipal_asset_id",
        "duplicate_source_records": [],
        "source_layer_url": "https://gisservices.surrey.ca/arcgis/rest/services/OpenData/MapServer/116",
        "source_attributes": {
          "OBJECTID": 756,
          "FACILITYID": "1001075315",
          "DEVICE_TYPE2": "Raised Crossing",
          "STATUS": "In Service",
          "LOCATION": "182",
          "YEAR_BUILT": null
        },
        "source_geometry": {
          "type": "Point",
          "coordinates": [
            -122.90123494626225,
            49.179123619423116
          ]
        },
        "source_geometry_crs": "EPSG:4326",
        "evidence": "authoritative_inventory",
        "verification": "municipal_record_not_field_verified",
        "status": "in_service",
        "licence": "Open Government License — City of Surrey",
        "licence_url": "https://opendata-surrey.hub.arcgis.com/pages/55089a19491a4fe59a41e059fd8af708",
        "attribution": "Contains information licensed under the Open Government License – City of Surrey.",
        "municipality": "City of Surrey",
        "province": "BC",
        "install_year": null
      }
    },
    {
      "type": "Feature",
      "id": "surrey:1001075332",
      "geometry": {
        "type": "Point",
        "coordinates": [
          -122.87096095094272,
          49.122871628591724
        ]
      },
      "properties": {
        "name": "Raised crosswalk — 82",
        "feature_type": "raised_crosswalk",
        "source": "City of Surrey",
        "source_id": "1001075332",
        "source_url": "https://www.arcgis.com/home/item.html?id=9dd77c3dbf544a1989ca0f95371b6da1",
        "source_id_basis": "municipal_asset_id",
        "duplicate_source_records": [],
        "source_layer_url": "https://gisservices.surrey.ca/arcgis/rest/services/OpenData/MapServer/116",
        "source_attributes": {
          "OBJECTID": 656,
          "FACILITYID": "1001075332",
          "DEVICE_TYPE2": "Raised Crossing",
          "STATUS": "In Service",
          "LOCATION": "82",
          "YEAR_BUILT": 2007
        },
        "source_geometry": {
          "type": "Point",
          "coordinates": [
            -122.87096095094272,
            49.122871628591724
          ]
        },
        "source_geometry_crs": "EPSG:4326",
        "evidence": "authoritative_inventory",
        "verification": "municipal_record_not_field_verified",
        "status": "in_service",
        "licence": "Open Government License — City of Surrey",
        "licence_url": "https://opendata-surrey.hub.arcgis.com/pages/55089a19491a4fe59a41e059fd8af708",
        "attribution": "Contains information licensed under the Open Government License – City of Surrey.",
        "municipality": "City of Surrey",
        "province": "BC",
        "install_year": 2007
      }
    },
    {
      "type": "Feature",
      "id": "surrey:1001075335",
      "geometry": {
        "type": "Point",
        "coordinates": [
          -122.78436169003453,
          49.064397795626995
        ]
      },
      "properties": {
        "name": "Raised crosswalk — 259",
        "feature_type": "raised_crosswalk",
        "source": "City of Surrey",
        "source_id": "1001075335",
        "source_url": "https://www.arcgis.com/home/item.html?id=9dd77c3dbf544a1989ca0f95371b6da1",
        "source_id_basis": "municipal_asset_id",
        "duplicate_source_records": [],
        "source_layer_url": "https://gisservices.surrey.ca/arcgis/rest/services/OpenData/MapServer/116",
        "source_attributes": {
          "OBJECTID": 833,
          "FACILITYID": "1001075335",
          "DEVICE_TYPE2": "Raised Crossing",
          "STATUS": "In Service",
          "LOCATION": "259",
          "YEAR_BUILT": 2008
        },
        "source_geometry": {
          "type": "Point",
          "coordinates": [
            -122.78436169003453,
            49.064397795626995
          ]
        },
        "source_geometry_crs": "EPSG:4326",
        "evidence": "authoritative_inventory",
        "verification": "municipal_record_not_field_verified",
        "status": "in_service",
        "licence": "Open Government License — City of Surrey",
        "licence_url": "https://opendata-surrey.hub.arcgis.com/pages/55089a19491a4fe59a41e059fd8af708",
        "attribution": "Contains information licensed under the Open Government License – City of Surrey.",
        "municipality": "City of Surrey",
        "province": "BC",
        "install_year": 2008
      }
    },
    {
      "type": "Feature",
      "id": "surrey:1001075350",
      "geometry": {
        "type": "Point",
        "coordinates": [
          -122.79017784174073,
          49.06161990008852
        ]
      },
      "properties": {
        "name": "Raised crosswalk — 30",
        "feature_type": "raised_crosswalk",
        "source": "City of Surrey",
        "source_id": "1001075350",
        "source_url": "https://www.arcgis.com/home/item.html?id=9dd77c3dbf544a1989ca0f95371b6da1",
        "source_id_basis": "municipal_asset_id",
        "duplicate_source_records": [],
        "source_layer_url": "https://gisservices.surrey.ca/arcgis/rest/services/OpenData/MapServer/116",
        "source_attributes": {
          "OBJECTID": 604,
          "FACILITYID": "1001075350",
          "DEVICE_TYPE2": "Raised Crossing",
          "STATUS": "In Service",
          "LOCATION": "30",
          "YEAR_BUILT": 2005
        },
        "source_geometry": {
          "type": "Point",
          "coordinates": [
            -122.79017784174073,
            49.06161990008852
          ]
        },
        "source_geometry_crs": "EPSG:4326",
        "evidence": "authoritative_inventory",
        "verification": "municipal_record_not_field_verified",
        "status": "in_service",
        "licence": "Open Government License — City of Surrey",
        "licence_url": "https://opendata-surrey.hub.arcgis.com/pages/55089a19491a4fe59a41e059fd8af708",
        "attribution": "Contains information licensed under the Open Government License – City of Surrey.",
        "municipality": "City of Surrey",
        "province": "BC",
        "install_year": 2005
      }
    },
    {
      "type": "Feature",
      "id": "surrey:1001154135",
      "geometry": {
        "type": "Point",
        "coordinates": [
          -122.73673311608631,
          49.00847377445288
        ]
      },
      "properties": {
        "name": "Raised crosswalk",
        "feature_type": "raised_crosswalk",
        "source": "City of Surrey",
        "source_id": "1001154135",
        "source_url": "https://www.arcgis.com/home/item.html?id=9dd77c3dbf544a1989ca0f95371b6da1",
        "source_id_basis": "municipal_asset_id",
        "duplicate_source_records": [],
        "source_layer_url": "https://gisservices.surrey.ca/arcgis/rest/services/OpenData/MapServer/116",
        "source_attributes": {
          "OBJECTID": 7256,
          "FACILITYID": "1001154135",
          "DEVICE_TYPE2": "Raised Crossing",
          "STATUS": "In Service",
          "LOCATION": null,
          "YEAR_BUILT": null
        },
        "source_geometry": {
          "type": "Point",
          "coordinates": [
            -122.73673311608631,
            49.00847377445288
          ]
        },
        "source_geometry_crs": "EPSG:4326",
        "evidence": "authoritative_inventory",
        "verification": "municipal_record_not_field_verified",
        "status": "in_service",
        "licence": "Open Government License — City of Surrey",
        "licence_url": "https://opendata-surrey.hub.arcgis.com/pages/55089a19491a4fe59a41e059fd8af708",
        "attribution": "Contains information licensed under the Open Government License – City of Surrey.",
        "municipality": "City of Surrey",
        "province": "BC",
        "install_year": null
      }
    },
    {
      "type": "Feature",
      "id": "surrey:1001194239",
      "geometry": {
        "type": "Point",
        "coordinates": [
          -122.75234549679234,
          49.1439917032433
        ]
      },
      "properties": {
        "name": "Raised crosswalk",
        "feature_type": "raised_crosswalk",
        "source": "City of Surrey",
        "source_id": "1001194239",
        "source_url": "https://www.arcgis.com/home/item.html?id=9dd77c3dbf544a1989ca0f95371b6da1",
        "source_id_basis": "municipal_asset_id",
        "duplicate_source_records": [],
        "source_layer_url": "https://gisservices.surrey.ca/arcgis/rest/services/OpenData/MapServer/116",
        "source_attributes": {
          "OBJECTID": 16853,
          "FACILITYID": "1001194239",
          "DEVICE_TYPE2": "Raised Crossing",
          "STATUS": "In Service",
          "LOCATION": null,
          "YEAR_BUILT": 2010
        },
        "source_geometry": {
          "type": "Point",
          "coordinates": [
            -122.75234549679234,
            49.1439917032433
          ]
        },
        "source_geometry_crs": "EPSG:4326",
        "evidence": "authoritative_inventory",
        "verification": "municipal_record_not_field_verified",
        "status": "in_service",
        "licence": "Open Government License — City of Surrey",
        "licence_url": "https://opendata-surrey.hub.arcgis.com/pages/55089a19491a4fe59a41e059fd8af708",
        "attribution": "Contains information licensed under the Open Government License – City of Surrey.",
        "municipality": "City of Surrey",
        "province": "BC",
        "install_year": 2010
      }
    },
    {
      "type": "Feature",
      "id": "surrey:1001210487",
      "geometry": {
        "type": "Point",
        "coordinates": [
          -122.85105923732078,
          49.122483700865416
        ]
      },
      "properties": {
        "name": "Raised crosswalk",
        "feature_type": "raised_crosswalk",
        "source": "City of Surrey",
        "source_id": "1001210487",
        "source_url": "https://www.arcgis.com/home/item.html?id=9dd77c3dbf544a1989ca0f95371b6da1",
        "source_id_basis": "municipal_asset_id",
        "duplicate_source_records": [],
        "source_layer_url": "https://gisservices.surrey.ca/arcgis/rest/services/OpenData/MapServer/116",
        "source_attributes": {
          "OBJECTID": 20053,
          "FACILITYID": "1001210487",
          "DEVICE_TYPE2": "Raised Crossing",
          "STATUS": "In Service",
          "LOCATION": null,
          "YEAR_BUILT": null
        },
        "source_geometry": {
          "type": "Point",
          "coordinates": [
            -122.85105923732078,
            49.122483700865416
          ]
        },
        "source_geometry_crs": "EPSG:4326",
        "evidence": "authoritative_inventory",
        "verification": "municipal_record_not_field_verified",
        "status": "in_service",
        "licence": "Open Government License — City of Surrey",
        "licence_url": "https://opendata-surrey.hub.arcgis.com/pages/55089a19491a4fe59a41e059fd8af708",
        "attribution": "Contains information licensed under the Open Government License – City of Surrey.",
        "municipality": "City of Surrey",
        "province": "BC",
        "install_year": null
      }
    },
    {
      "type": "Feature",
      "id": "surrey:1001210670",
      "geometry": {
        "type": "Point",
        "coordinates": [
          -122.85103820691637,
          49.12127628633412
        ]
      },
      "properties": {
        "name": "Raised crosswalk",
        "feature_type": "raised_crosswalk",
        "source": "City of Surrey",
        "source_id": "1001210670",
        "source_url": "https://www.arcgis.com/home/item.html?id=9dd77c3dbf544a1989ca0f95371b6da1",
        "source_id_basis": "municipal_asset_id",
        "duplicate_source_records": [],
        "source_layer_url": "https://gisservices.surrey.ca/arcgis/rest/services/OpenData/MapServer/116",
        "source_attributes": {
          "OBJECTID": 20373,
          "FACILITYID": "1001210670",
          "DEVICE_TYPE2": "Raised Crossing",
          "STATUS": "In Service",
          "LOCATION": null,
          "YEAR_BUILT": 2012
        },
        "source_geometry": {
          "type": "Point",
          "coordinates": [
            -122.85103820691637,
            49.12127628633412
          ]
        },
        "source_geometry_crs": "EPSG:4326",
        "evidence": "authoritative_inventory",
        "verification": "municipal_record_not_field_verified",
        "status": "in_service",
        "licence": "Open Government License — City of Surrey",
        "licence_url": "https://opendata-surrey.hub.arcgis.com/pages/55089a19491a4fe59a41e059fd8af708",
        "attribution": "Contains information licensed under the Open Government License – City of Surrey.",
        "municipality": "City of Surrey",
        "province": "BC",
        "install_year": 2012
      }
    },
    {
      "type": "Feature",
      "id": "surrey:1001210942",
      "geometry": {
        "type": "Point",
        "coordinates": [
          -122.7417159207242,
          49.11379204267236
        ]
      },
      "properties": {
        "name": "Raised crosswalk",
        "feature_type": "raised_crosswalk",
        "source": "City of Surrey",
        "source_id": "1001210942",
        "source_url": "https://www.arcgis.com/home/item.html?id=9dd77c3dbf544a1989ca0f95371b6da1",
        "source_id_basis": "municipal_asset_id",
        "duplicate_source_records": [],
        "source_layer_url": "https://gisservices.surrey.ca/arcgis/rest/services/OpenData/MapServer/116",
        "source_attributes": {
          "OBJECTID": 20375,
          "FACILITYID": "1001210942",
          "DEVICE_TYPE2": "Raised Crossing",
          "STATUS": "In Service",
          "LOCATION": null,
          "YEAR_BUILT": null
        },
        "source_geometry": {
          "type": "Point",
          "coordinates": [
            -122.7417159207242,
            49.11379204267236
          ]
        },
        "source_geometry_crs": "EPSG:4326",
        "evidence": "authoritative_inventory",
        "verification": "municipal_record_not_field_verified",
        "status": "in_service",
        "licence": "Open Government License — City of Surrey",
        "licence_url": "https://opendata-surrey.hub.arcgis.com/pages/55089a19491a4fe59a41e059fd8af708",
        "attribution": "Contains information licensed under the Open Government License – City of Surrey.",
        "municipality": "City of Surrey",
        "province": "BC",
        "install_year": null
      }
    },
    {
      "type": "Feature",
      "id": "surrey:1001211154",
      "geometry": {
        "type": "Point",
        "coordinates": [
          -122.76488908170798,
          49.14822011413594
        ]
      },
      "properties": {
        "name": "Raised crosswalk",
        "feature_type": "raised_crosswalk",
        "source": "City of Surrey",
        "source_id": "1001211154",
        "source_url": "https://www.arcgis.com/home/item.html?id=9dd77c3dbf544a1989ca0f95371b6da1",
        "source_id_basis": "municipal_asset_id",
        "duplicate_source_records": [],
        "source_layer_url": "https://gisservices.surrey.ca/arcgis/rest/services/OpenData/MapServer/116",
        "source_attributes": {
          "OBJECTID": 20381,
          "FACILITYID": "1001211154",
          "DEVICE_TYPE2": "Raised Crossing",
          "STATUS": "In Service",
          "LOCATION": null,
          "YEAR_BUILT": null
        },
        "source_geometry": {
          "type": "Point",
          "coordinates": [
            -122.76488908170798,
            49.14822011413594
          ]
        },
        "source_geometry_crs": "EPSG:4326",
        "evidence": "authoritative_inventory",
        "verification": "municipal_record_not_field_verified",
        "status": "in_service",
        "licence": "Open Government License — City of Surrey",
        "licence_url": "https://opendata-surrey.hub.arcgis.com/pages/55089a19491a4fe59a41e059fd8af708",
        "attribution": "Contains information licensed under the Open Government License – City of Surrey.",
        "municipality": "City of Surrey",
        "province": "BC",
        "install_year": null
      }
    },
    {
      "type": "Feature",
      "id": "surrey:1001211265",
      "geometry": {
        "type": "Point",
        "coordinates": [
          -122.88050628841802,
          49.180615246798546
        ]
      },
      "properties": {
        "name": "Raised crosswalk",
        "feature_type": "raised_crosswalk",
        "source": "City of Surrey",
        "source_id": "1001211265",
        "source_url": "https://www.arcgis.com/home/item.html?id=9dd77c3dbf544a1989ca0f95371b6da1",
        "source_id_basis": "municipal_asset_id",
        "duplicate_source_records": [],
        "source_layer_url": "https://gisservices.surrey.ca/arcgis/rest/services/OpenData/MapServer/116",
        "source_attributes": {
          "OBJECTID": 20383,
          "FACILITYID": "1001211265",
          "DEVICE_TYPE2": "Raised Crossing",
          "STATUS": "In Service",
          "LOCATION": null,
          "YEAR_BUILT": null
        },
        "source_geometry": {
          "type": "Point",
          "coordinates": [
            -122.88050628841802,
            49.180615246798546
          ]
        },
        "source_geometry_crs": "EPSG:4326",
        "evidence": "authoritative_inventory",
        "verification": "municipal_record_not_field_verified",
        "status": "in_service",
        "licence": "Open Government License — City of Surrey",
        "licence_url": "https://opendata-surrey.hub.arcgis.com/pages/55089a19491a4fe59a41e059fd8af708",
        "attribution": "Contains information licensed under the Open Government License – City of Surrey.",
        "municipality": "City of Surrey",
        "province": "BC",
        "install_year": null
      }
    },
    {
      "type": "Feature",
      "id": "surrey:1001211608",
      "geometry": {
        "type": "Point",
        "coordinates": [
          -122.87364584173108,
          49.171830263475165
        ]
      },
      "properties": {
        "name": "Raised crosswalk",
        "feature_type": "raised_crosswalk",
        "source": "City of Surrey",
        "source_id": "1001211608",
        "source_url": "https://www.arcgis.com/home/item.html?id=9dd77c3dbf544a1989ca0f95371b6da1",
        "source_id_basis": "municipal_asset_id",
        "duplicate_source_records": [],
        "source_layer_url": "https://gisservices.surrey.ca/arcgis/rest/services/OpenData/MapServer/116",
        "source_attributes": {
          "OBJECTID": 20693,
          "FACILITYID": "1001211608",
          "DEVICE_TYPE2": "Raised Crossing",
          "STATUS": "In Service",
          "LOCATION": null,
          "YEAR_BUILT": 2012
        },
        "source_geometry": {
          "type": "Point",
          "coordinates": [
            -122.87364584173108,
            49.171830263475165
          ]
        },
        "source_geometry_crs": "EPSG:4326",
        "evidence": "authoritative_inventory",
        "verification": "municipal_record_not_field_verified",
        "status": "in_service",
        "licence": "Open Government License — City of Surrey",
        "licence_url": "https://opendata-surrey.hub.arcgis.com/pages/55089a19491a4fe59a41e059fd8af708",
        "attribution": "Contains information licensed under the Open Government License – City of Surrey.",
        "municipality": "City of Surrey",
        "province": "BC",
        "install_year": 2012
      }
    },
    {
      "type": "Feature",
      "id": "surrey:1001211638",
      "geometry": {
        "type": "Point",
        "coordinates": [
          -122.8736407465964,
          49.173452626008384
        ]
      },
      "properties": {
        "name": "Raised crosswalk",
        "feature_type": "raised_crosswalk",
        "source": "City of Surrey",
        "source_id": "1001211638",
        "source_url": "https://www.arcgis.com/home/item.html?id=9dd77c3dbf544a1989ca0f95371b6da1",
        "source_id_basis": "municipal_asset_id",
        "duplicate_source_records": [],
        "source_layer_url": "https://gisservices.surrey.ca/arcgis/rest/services/OpenData/MapServer/116",
        "source_attributes": {
          "OBJECTID": 20694,
          "FACILITYID": "1001211638",
          "DEVICE_TYPE2": "Raised Crossing",
          "STATUS": "In Service",
          "LOCATION": null,
          "YEAR_BUILT": 2012
        },
        "source_geometry": {
          "type": "Point",
          "coordinates": [
            -122.8736407465964,
            49.173452626008384
          ]
        },
        "source_geometry_crs": "EPSG:4326",
        "evidence": "authoritative_inventory",
        "verification": "municipal_record_not_field_verified",
        "status": "in_service",
        "licence": "Open Government License — City of Surrey",
        "licence_url": "https://opendata-surrey.hub.arcgis.com/pages/55089a19491a4fe59a41e059fd8af708",
        "attribution": "Contains information licensed under the Open Government License – City of Surrey.",
        "municipality": "City of Surrey",
        "province": "BC",
        "install_year": 2012
      }
    },
    {
      "type": "Feature",
      "id": "surrey:1001224178",
      "geometry": {
        "type": "Point",
        "coordinates": [
          -122.82522716428878,
          49.06836688785525
        ]
      },
      "properties": {
        "name": "Raised crosswalk",
        "feature_type": "raised_crosswalk",
        "source": "City of Surrey",
        "source_id": "1001224178",
        "source_url": "https://www.arcgis.com/home/item.html?id=9dd77c3dbf544a1989ca0f95371b6da1",
        "source_id_basis": "municipal_asset_id",
        "duplicate_source_records": [],
        "source_layer_url": "https://gisservices.surrey.ca/arcgis/rest/services/OpenData/MapServer/116",
        "source_attributes": {
          "OBJECTID": 21977,
          "FACILITYID": "1001224178",
          "DEVICE_TYPE2": "Raised Crossing",
          "STATUS": "In Service",
          "LOCATION": null,
          "YEAR_BUILT": 2011
        },
        "source_geometry": {
          "type": "Point",
          "coordinates": [
            -122.82522716428878,
            49.06836688785525
          ]
        },
        "source_geometry_crs": "EPSG:4326",
        "evidence": "authoritative_inventory",
        "verification": "municipal_record_not_field_verified",
        "status": "in_service",
        "licence": "Open Government License — City of Surrey",
        "licence_url": "https://opendata-surrey.hub.arcgis.com/pages/55089a19491a4fe59a41e059fd8af708",
        "attribution": "Contains information licensed under the Open Government License – City of Surrey.",
        "municipality": "City of Surrey",
        "province": "BC",
        "install_year": 2011
      }
    },
    {
      "type": "Feature",
      "id": "surrey:1001419333",
      "geometry": {
        "type": "Point",
        "coordinates": [
          -122.78216544310722,
          49.05281350772248
        ]
      },
      "properties": {
        "name": "Raised crosswalk",
        "feature_type": "raised_crosswalk",
        "source": "City of Surrey",
        "source_id": "1001419333",
        "source_url": "https://www.arcgis.com/home/item.html?id=9dd77c3dbf544a1989ca0f95371b6da1",
        "source_id_basis": "municipal_asset_id",
        "duplicate_source_records": [],
        "source_layer_url": "https://gisservices.surrey.ca/arcgis/rest/services/OpenData/MapServer/116",
        "source_attributes": {
          "OBJECTID": 26792,
          "FACILITYID": "1001419333",
          "DEVICE_TYPE2": "Raised Crossing",
          "STATUS": "In Service",
          "LOCATION": null,
          "YEAR_BUILT": 2014
        },
        "source_geometry": {
          "type": "Point",
          "coordinates": [
            -122.78216544310722,
            49.05281350772248
          ]
        },
        "source_geometry_crs": "EPSG:4326",
        "evidence": "authoritative_inventory",
        "verification": "municipal_record_not_field_verified",
        "status": "in_service",
        "licence": "Open Government License — City of Surrey",
        "licence_url": "https://opendata-surrey.hub.arcgis.com/pages/55089a19491a4fe59a41e059fd8af708",
        "attribution": "Contains information licensed under the Open Government License – City of Surrey.",
        "municipality": "City of Surrey",
        "province": "BC",
        "install_year": 2014
      }
    },
    {
      "type": "Feature",
      "id": "surrey:1001567006",
      "geometry": {
        "type": "Point",
        "coordinates": [
          -122.68395460081722,
          49.12939023469841
        ]
      },
      "properties": {
        "name": "Raised crosswalk",
        "feature_type": "raised_crosswalk",
        "source": "City of Surrey",
        "source_id": "1001567006",
        "source_url": "https://www.arcgis.com/home/item.html?id=9dd77c3dbf544a1989ca0f95371b6da1",
        "source_id_basis": "municipal_asset_id",
        "duplicate_source_records": [],
        "source_layer_url": "https://gisservices.surrey.ca/arcgis/rest/services/OpenData/MapServer/116",
        "source_attributes": {
          "OBJECTID": 32567,
          "FACILITYID": "1001567006",
          "DEVICE_TYPE2": "Raised Crossing",
          "STATUS": "In Service",
          "LOCATION": null,
          "YEAR_BUILT": null
        },
        "source_geometry": {
          "type": "Point",
          "coordinates": [
            -122.68395460081722,
            49.12939023469841
          ]
        },
        "source_geometry_crs": "EPSG:4326",
        "evidence": "authoritative_inventory",
        "verification": "municipal_record_not_field_verified",
        "status": "in_service",
        "licence": "Open Government License — City of Surrey",
        "licence_url": "https://opendata-surrey.hub.arcgis.com/pages/55089a19491a4fe59a41e059fd8af708",
        "attribution": "Contains information licensed under the Open Government License – City of Surrey.",
        "municipality": "City of Surrey",
        "province": "BC",
        "install_year": null
      }
    },
    {
      "type": "Feature",
      "id": "surrey:1001567010",
      "geometry": {
        "type": "Point",
        "coordinates": [
          -122.68401832400872,
          49.12803639313737
        ]
      },
      "properties": {
        "name": "Raised crosswalk",
        "feature_type": "raised_crosswalk",
        "source": "City of Surrey",
        "source_id": "1001567010",
        "source_url": "https://www.arcgis.com/home/item.html?id=9dd77c3dbf544a1989ca0f95371b6da1",
        "source_id_basis": "municipal_asset_id",
        "duplicate_source_records": [],
        "source_layer_url": "https://gisservices.surrey.ca/arcgis/rest/services/OpenData/MapServer/116",
        "source_attributes": {
          "OBJECTID": 32568,
          "FACILITYID": "1001567010",
          "DEVICE_TYPE2": "Raised Crossing",
          "STATUS": "In Service",
          "LOCATION": null,
          "YEAR_BUILT": 2013
        },
        "source_geometry": {
          "type": "Point",
          "coordinates": [
            -122.68401832400872,
            49.12803639313737
          ]
        },
        "source_geometry_crs": "EPSG:4326",
        "evidence": "authoritative_inventory",
        "verification": "municipal_record_not_field_verified",
        "status": "in_service",
        "licence": "Open Government License — City of Surrey",
        "licence_url": "https://opendata-surrey.hub.arcgis.com/pages/55089a19491a4fe59a41e059fd8af708",
        "attribution": "Contains information licensed under the Open Government License – City of Surrey.",
        "municipality": "City of Surrey",
        "province": "BC",
        "install_year": 2013
      }
    },
    {
      "type": "Feature",
      "id": "surrey:1001578606",
      "geometry": {
        "type": "Point",
        "coordinates": [
          -122.77916409696739,
          49.061100251045076
        ]
      },
      "properties": {
        "name": "Raised crosswalk",
        "feature_type": "raised_crosswalk",
        "source": "City of Surrey",
        "source_id": "1001578606",
        "source_url": "https://www.arcgis.com/home/item.html?id=9dd77c3dbf544a1989ca0f95371b6da1",
        "source_id_basis": "municipal_asset_id",
        "duplicate_source_records": [],
        "source_layer_url": "https://gisservices.surrey.ca/arcgis/rest/services/OpenData/MapServer/116",
        "source_attributes": {
          "OBJECTID": 33239,
          "FACILITYID": "1001578606",
          "DEVICE_TYPE2": "Raised Crossing",
          "STATUS": "In Service",
          "LOCATION": null,
          "YEAR_BUILT": null
        },
        "source_geometry": {
          "type": "Point",
          "coordinates": [
            -122.77916409696739,
            49.061100251045076
          ]
        },
        "source_geometry_crs": "EPSG:4326",
        "evidence": "authoritative_inventory",
        "verification": "municipal_record_not_field_verified",
        "status": "in_service",
        "licence": "Open Government License — City of Surrey",
        "licence_url": "https://opendata-surrey.hub.arcgis.com/pages/55089a19491a4fe59a41e059fd8af708",
        "attribution": "Contains information licensed under the Open Government License – City of Surrey.",
        "municipality": "City of Surrey",
        "province": "BC",
        "install_year": null
      }
    },
    {
      "type": "Feature",
      "id": "surrey:1001594864",
      "geometry": {
        "type": "Point",
        "coordinates": [
          -122.84705268366518,
          49.127175974879826
        ]
      },
      "properties": {
        "name": "Raised crosswalk",
        "feature_type": "raised_crosswalk",
        "source": "City of Surrey",
        "source_id": "1001594864",
        "source_url": "https://www.arcgis.com/home/item.html?id=9dd77c3dbf544a1989ca0f95371b6da1",
        "source_id_basis": "municipal_asset_id",
        "duplicate_source_records": [],
        "source_layer_url": "https://gisservices.surrey.ca/arcgis/rest/services/OpenData/MapServer/116",
        "source_attributes": {
          "OBJECTID": 34503,
          "FACILITYID": "1001594864",
          "DEVICE_TYPE2": "Raised Crossing",
          "STATUS": "In Service",
          "LOCATION": null,
          "YEAR_BUILT": null
        },
        "source_geometry": {
          "type": "Point",
          "coordinates": [
            -122.84705268366518,
            49.127175974879826
          ]
        },
        "source_geometry_crs": "EPSG:4326",
        "evidence": "authoritative_inventory",
        "verification": "municipal_record_not_field_verified",
        "status": "in_service",
        "licence": "Open Government License — City of Surrey",
        "licence_url": "https://opendata-surrey.hub.arcgis.com/pages/55089a19491a4fe59a41e059fd8af708",
        "attribution": "Contains information licensed under the Open Government License – City of Surrey.",
        "municipality": "City of Surrey",
        "province": "BC",
        "install_year": null
      }
    },
    {
      "type": "Feature",
      "id": "surrey:1001713352",
      "geometry": {
        "type": "Point",
        "coordinates": [
          -122.6834758109125,
          49.129995005688414
        ]
      },
      "properties": {
        "name": "Raised crosswalk",
        "feature_type": "raised_crosswalk",
        "source": "City of Surrey",
        "source_id": "1001713352",
        "source_url": "https://www.arcgis.com/home/item.html?id=9dd77c3dbf544a1989ca0f95371b6da1",
        "source_id_basis": "municipal_asset_id",
        "duplicate_source_records": [],
        "source_layer_url": "https://gisservices.surrey.ca/arcgis/rest/services/OpenData/MapServer/116",
        "source_attributes": {
          "OBJECTID": 39307,
          "FACILITYID": "1001713352",
          "DEVICE_TYPE2": "Raised Crossing",
          "STATUS": "In Service",
          "LOCATION": null,
          "YEAR_BUILT": null
        },
        "source_geometry": {
          "type": "Point",
          "coordinates": [
            -122.6834758109125,
            49.129995005688414
          ]
        },
        "source_geometry_crs": "EPSG:4326",
        "evidence": "authoritative_inventory",
        "verification": "municipal_record_not_field_verified",
        "status": "in_service",
        "licence": "Open Government License — City of Surrey",
        "licence_url": "https://opendata-surrey.hub.arcgis.com/pages/55089a19491a4fe59a41e059fd8af708",
        "attribution": "Contains information licensed under the Open Government License – City of Surrey.",
        "municipality": "City of Surrey",
        "province": "BC",
        "install_year": null
      }
    },
    {
      "type": "Feature",
      "id": "surrey:1001777650",
      "geometry": {
        "type": "Point",
        "coordinates": [
          -122.83436364469456,
          49.12367253625519
        ]
      },
      "properties": {
        "name": "Raised crosswalk",
        "feature_type": "raised_crosswalk",
        "source": "City of Surrey",
        "source_id": "1001777650",
        "source_url": "https://www.arcgis.com/home/item.html?id=9dd77c3dbf544a1989ca0f95371b6da1",
        "source_id_basis": "municipal_asset_id",
        "duplicate_source_records": [],
        "source_layer_url": "https://gisservices.surrey.ca/arcgis/rest/services/OpenData/MapServer/116",
        "source_attributes": {
          "OBJECTID": 45079,
          "FACILITYID": "1001777650",
          "DEVICE_TYPE2": "Raised Crossing",
          "STATUS": "In Service",
          "LOCATION": null,
          "YEAR_BUILT": 2014
        },
        "source_geometry": {
          "type": "Point",
          "coordinates": [
            -122.83436364469456,
            49.12367253625519
          ]
        },
        "source_geometry_crs": "EPSG:4326",
        "evidence": "authoritative_inventory",
        "verification": "municipal_record_not_field_verified",
        "status": "in_service",
        "licence": "Open Government License — City of Surrey",
        "licence_url": "https://opendata-surrey.hub.arcgis.com/pages/55089a19491a4fe59a41e059fd8af708",
        "attribution": "Contains information licensed under the Open Government License – City of Surrey.",
        "municipality": "City of Surrey",
        "province": "BC",
        "install_year": 2014
      }
    },
    {
      "type": "Feature",
      "id": "surrey:1001796624",
      "geometry": {
        "type": "Point",
        "coordinates": [
          -122.85401724691603,
          49.1187804048122
        ]
      },
      "properties": {
        "name": "Raised crosswalk",
        "feature_type": "raised_crosswalk",
        "source": "City of Surrey",
        "source_id": "1001796624",
        "source_url": "https://www.arcgis.com/home/item.html?id=9dd77c3dbf544a1989ca0f95371b6da1",
        "source_id_basis": "municipal_asset_id",
        "duplicate_source_records": [],
        "source_layer_url": "https://gisservices.surrey.ca/arcgis/rest/services/OpenData/MapServer/116",
        "source_attributes": {
          "OBJECTID": 45735,
          "FACILITYID": "1001796624",
          "DEVICE_TYPE2": "Raised Crossing",
          "STATUS": "In Service",
          "LOCATION": null,
          "YEAR_BUILT": 2015
        },
        "source_geometry": {
          "type": "Point",
          "coordinates": [
            -122.85401724691603,
            49.1187804048122
          ]
        },
        "source_geometry_crs": "EPSG:4326",
        "evidence": "authoritative_inventory",
        "verification": "municipal_record_not_field_verified",
        "status": "in_service",
        "licence": "Open Government License — City of Surrey",
        "licence_url": "https://opendata-surrey.hub.arcgis.com/pages/55089a19491a4fe59a41e059fd8af708",
        "attribution": "Contains information licensed under the Open Government License – City of Surrey.",
        "municipality": "City of Surrey",
        "province": "BC",
        "install_year": 2015
      }
    },
    {
      "type": "Feature",
      "id": "surrey:1001796998",
      "geometry": {
        "type": "Point",
        "coordinates": [
          -122.8790599755966,
          49.13084696193589
        ]
      },
      "properties": {
        "name": "Raised crosswalk",
        "feature_type": "raised_crosswalk",
        "source": "City of Surrey",
        "source_id": "1001796998",
        "source_url": "https://www.arcgis.com/home/item.html?id=9dd77c3dbf544a1989ca0f95371b6da1",
        "source_id_basis": "municipal_asset_id",
        "duplicate_source_records": [],
        "source_layer_url": "https://gisservices.surrey.ca/arcgis/rest/services/OpenData/MapServer/116",
        "source_attributes": {
          "OBJECTID": 45738,
          "FACILITYID": "1001796998",
          "DEVICE_TYPE2": "Raised Crossing",
          "STATUS": "In Service",
          "LOCATION": null,
          "YEAR_BUILT": 2015
        },
        "source_geometry": {
          "type": "Point",
          "coordinates": [
            -122.8790599755966,
            49.13084696193589
          ]
        },
        "source_geometry_crs": "EPSG:4326",
        "evidence": "authoritative_inventory",
        "verification": "municipal_record_not_field_verified",
        "status": "in_service",
        "licence": "Open Government License — City of Surrey",
        "licence_url": "https://opendata-surrey.hub.arcgis.com/pages/55089a19491a4fe59a41e059fd8af708",
        "attribution": "Contains information licensed under the Open Government License – City of Surrey.",
        "municipality": "City of Surrey",
        "province": "BC",
        "install_year": 2015
      }
    },
    {
      "type": "Feature",
      "id": "surrey:1001797022",
      "geometry": {
        "type": "Point",
        "coordinates": [
          -122.87901128359225,
          49.12918869004197
        ]
      },
      "properties": {
        "name": "Raised crosswalk",
        "feature_type": "raised_crosswalk",
        "source": "City of Surrey",
        "source_id": "1001797022",
        "source_url": "https://www.arcgis.com/home/item.html?id=9dd77c3dbf544a1989ca0f95371b6da1",
        "source_id_basis": "municipal_asset_id",
        "duplicate_source_records": [],
        "source_layer_url": "https://gisservices.surrey.ca/arcgis/rest/services/OpenData/MapServer/116",
        "source_attributes": {
          "OBJECTID": 46055,
          "FACILITYID": "1001797022",
          "DEVICE_TYPE2": "Raised Crossing",
          "STATUS": "In Service",
          "LOCATION": null,
          "YEAR_BUILT": 2015
        },
        "source_geometry": {
          "type": "Point",
          "coordinates": [
            -122.87901128359225,
            49.12918869004197
          ]
        },
        "source_geometry_crs": "EPSG:4326",
        "evidence": "authoritative_inventory",
        "verification": "municipal_record_not_field_verified",
        "status": "in_service",
        "licence": "Open Government License — City of Surrey",
        "licence_url": "https://opendata-surrey.hub.arcgis.com/pages/55089a19491a4fe59a41e059fd8af708",
        "attribution": "Contains information licensed under the Open Government License – City of Surrey.",
        "municipality": "City of Surrey",
        "province": "BC",
        "install_year": 2015
      }
    },
    {
      "type": "Feature",
      "id": "surrey:1001831041",
      "geometry": {
        "type": "Point",
        "coordinates": [
          -122.75646115971188,
          49.1882269001424
        ]
      },
      "properties": {
        "name": "Raised crosswalk",
        "feature_type": "raised_crosswalk",
        "source": "City of Surrey",
        "source_id": "1001831041",
        "source_url": "https://www.arcgis.com/home/item.html?id=9dd77c3dbf544a1989ca0f95371b6da1",
        "source_id_basis": "municipal_asset_id",
        "duplicate_source_records": [],
        "source_layer_url": "https://gisservices.surrey.ca/arcgis/rest/services/OpenData/MapServer/116",
        "source_attributes": {
          "OBJECTID": 48615,
          "FACILITYID": "1001831041",
          "DEVICE_TYPE2": "Raised Crossing",
          "STATUS": "In Service",
          "LOCATION": null,
          "YEAR_BUILT": 2014
        },
        "source_geometry": {
          "type": "Point",
          "coordinates": [
            -122.75646115971188,
            49.1882269001424
          ]
        },
        "source_geometry_crs": "EPSG:4326",
        "evidence": "authoritative_inventory",
        "verification": "municipal_record_not_field_verified",
        "status": "in_service",
        "licence": "Open Government License — City of Surrey",
        "licence_url": "https://opendata-surrey.hub.arcgis.com/pages/55089a19491a4fe59a41e059fd8af708",
        "attribution": "Contains information licensed under the Open Government License – City of Surrey.",
        "municipality": "City of Surrey",
        "province": "BC",
        "install_year": 2014
      }
    },
    {
      "type": "Feature",
      "id": "surrey:1001831067",
      "geometry": {
        "type": "Point",
        "coordinates": [
          -122.75649308434764,
          49.190096918242816
        ]
      },
      "properties": {
        "name": "Raised crosswalk",
        "feature_type": "raised_crosswalk",
        "source": "City of Surrey",
        "source_id": "1001831067",
        "source_url": "https://www.arcgis.com/home/item.html?id=9dd77c3dbf544a1989ca0f95371b6da1",
        "source_id_basis": "municipal_asset_id",
        "duplicate_source_records": [],
        "source_layer_url": "https://gisservices.surrey.ca/arcgis/rest/services/OpenData/MapServer/116",
        "source_attributes": {
          "OBJECTID": 48616,
          "FACILITYID": "1001831067",
          "DEVICE_TYPE2": "Raised Crossing",
          "STATUS": "In Service",
          "LOCATION": null,
          "YEAR_BUILT": 2014
        },
        "source_geometry": {
          "type": "Point",
          "coordinates": [
            -122.75649308434764,
            49.190096918242816
          ]
        },
        "source_geometry_crs": "EPSG:4326",
        "evidence": "authoritative_inventory",
        "verification": "municipal_record_not_field_verified",
        "status": "in_service",
        "licence": "Open Government License — City of Surrey",
        "licence_url": "https://opendata-surrey.hub.arcgis.com/pages/55089a19491a4fe59a41e059fd8af708",
        "attribution": "Contains information licensed under the Open Government License – City of Surrey.",
        "municipality": "City of Surrey",
        "province": "BC",
        "install_year": 2014
      }
    },
    {
      "type": "Feature",
      "id": "surrey:1001891134",
      "geometry": {
        "type": "Point",
        "coordinates": [
          -122.88050616229799,
          49.1789405136228
        ]
      },
      "properties": {
        "name": "Raised crosswalk",
        "feature_type": "raised_crosswalk",
        "source": "City of Surrey",
        "source_id": "1001891134",
        "source_url": "https://www.arcgis.com/home/item.html?id=9dd77c3dbf544a1989ca0f95371b6da1",
        "source_id_basis": "municipal_asset_id",
        "duplicate_source_records": [],
        "source_layer_url": "https://gisservices.surrey.ca/arcgis/rest/services/OpenData/MapServer/116",
        "source_attributes": {
          "OBJECTID": 56935,
          "FACILITYID": "1001891134",
          "DEVICE_TYPE2": "Raised Crossing",
          "STATUS": "In Service",
          "LOCATION": null,
          "YEAR_BUILT": 2015
        },
        "source_geometry": {
          "type": "Point",
          "coordinates": [
            -122.88050616229799,
            49.1789405136228
          ]
        },
        "source_geometry_crs": "EPSG:4326",
        "evidence": "authoritative_inventory",
        "verification": "municipal_record_not_field_verified",
        "status": "in_service",
        "licence": "Open Government License — City of Surrey",
        "licence_url": "https://opendata-surrey.hub.arcgis.com/pages/55089a19491a4fe59a41e059fd8af708",
        "attribution": "Contains information licensed under the Open Government License – City of Surrey.",
        "municipality": "City of Surrey",
        "province": "BC",
        "install_year": 2015
      }
    },
    {
      "type": "Feature",
      "id": "surrey:1001939981",
      "geometry": {
        "type": "Point",
        "coordinates": [
          -122.8121721672208,
          49.130227882906816
        ]
      },
      "properties": {
        "name": "Raised crosswalk",
        "feature_type": "raised_crosswalk",
        "source": "City of Surrey",
        "source_id": "1001939981",
        "source_url": "https://www.arcgis.com/home/item.html?id=9dd77c3dbf544a1989ca0f95371b6da1",
        "source_id_basis": "municipal_asset_id",
        "duplicate_source_records": [],
        "source_layer_url": "https://gisservices.surrey.ca/arcgis/rest/services/OpenData/MapServer/116",
        "source_attributes": {
          "OBJECTID": 62375,
          "FACILITYID": "1001939981",
          "DEVICE_TYPE2": "Raised Crossing",
          "STATUS": "In Service",
          "LOCATION": null,
          "YEAR_BUILT": null
        },
        "source_geometry": {
          "type": "Point",
          "coordinates": [
            -122.8121721672208,
            49.130227882906816
          ]
        },
        "source_geometry_crs": "EPSG:4326",
        "evidence": "authoritative_inventory",
        "verification": "municipal_record_not_field_verified",
        "status": "in_service",
        "licence": "Open Government License — City of Surrey",
        "licence_url": "https://opendata-surrey.hub.arcgis.com/pages/55089a19491a4fe59a41e059fd8af708",
        "attribution": "Contains information licensed under the Open Government License – City of Surrey.",
        "municipality": "City of Surrey",
        "province": "BC",
        "install_year": null
      }
    },
    {
      "type": "Feature",
      "id": "surrey:1001993301",
      "geometry": {
        "type": "Point",
        "coordinates": [
          -122.88043574169426,
          49.122945017162884
        ]
      },
      "properties": {
        "name": "Raised crosswalk — 123A St & 66 Ave",
        "feature_type": "raised_crosswalk",
        "source": "City of Surrey",
        "source_id": "1001993301",
        "source_url": "https://www.arcgis.com/home/item.html?id=9dd77c3dbf544a1989ca0f95371b6da1",
        "source_id_basis": "municipal_asset_id",
        "duplicate_source_records": [],
        "source_layer_url": "https://gisservices.surrey.ca/arcgis/rest/services/OpenData/MapServer/116",
        "source_attributes": {
          "OBJECTID": 66551,
          "FACILITYID": "1001993301",
          "DEVICE_TYPE2": "Raised Crossing",
          "STATUS": "In Service",
          "LOCATION": "123A St & 66 Ave",
          "YEAR_BUILT": null
        },
        "source_geometry": {
          "type": "Point",
          "coordinates": [
            -122.88043574169426,
            49.122945017162884
          ]
        },
        "source_geometry_crs": "EPSG:4326",
        "evidence": "authoritative_inventory",
        "verification": "municipal_record_not_field_verified",
        "status": "in_service",
        "licence": "Open Government License — City of Surrey",
        "licence_url": "https://opendata-surrey.hub.arcgis.com/pages/55089a19491a4fe59a41e059fd8af708",
        "attribution": "Contains information licensed under the Open Government License – City of Surrey.",
        "municipality": "City of Surrey",
        "province": "BC",
        "install_year": null
      }
    },
    {
      "type": "Feature",
      "id": "surrey:1001995481",
      "geometry": {
        "type": "Point",
        "coordinates": [
          -122.80347519849208,
          49.19321465921473
        ]
      },
      "properties": {
        "name": "Raised crosswalk",
        "feature_type": "raised_crosswalk",
        "source": "City of Surrey",
        "source_id": "1001995481",
        "source_url": "https://www.arcgis.com/home/item.html?id=9dd77c3dbf544a1989ca0f95371b6da1",
        "source_id_basis": "municipal_asset_id",
        "duplicate_source_records": [],
        "source_layer_url": "https://gisservices.surrey.ca/arcgis/rest/services/OpenData/MapServer/116",
        "source_attributes": {
          "OBJECTID": 67175,
          "FACILITYID": "1001995481",
          "DEVICE_TYPE2": "Raised Crossing",
          "STATUS": "In Service",
          "LOCATION": null,
          "YEAR_BUILT": null
        },
        "source_geometry": {
          "type": "Point",
          "coordinates": [
            -122.80347519849208,
            49.19321465921473
          ]
        },
        "source_geometry_crs": "EPSG:4326",
        "evidence": "authoritative_inventory",
        "verification": "municipal_record_not_field_verified",
        "status": "in_service",
        "licence": "Open Government License — City of Surrey",
        "licence_url": "https://opendata-surrey.hub.arcgis.com/pages/55089a19491a4fe59a41e059fd8af708",
        "attribution": "Contains information licensed under the Open Government License – City of Surrey.",
        "municipality": "City of Surrey",
        "province": "BC",
        "install_year": null
      }
    },
    {
      "type": "Feature",
      "id": "surrey:1001995482",
      "geometry": {
        "type": "Point",
        "coordinates": [
          -122.80280847356887,
          49.193212570815135
        ]
      },
      "properties": {
        "name": "Raised crosswalk",
        "feature_type": "raised_crosswalk",
        "source": "City of Surrey",
        "source_id": "1001995482",
        "source_url": "https://www.arcgis.com/home/item.html?id=9dd77c3dbf544a1989ca0f95371b6da1",
        "source_id_basis": "municipal_asset_id",
        "duplicate_source_records": [],
        "source_layer_url": "https://gisservices.surrey.ca/arcgis/rest/services/OpenData/MapServer/116",
        "source_attributes": {
          "OBJECTID": 67176,
          "FACILITYID": "1001995482",
          "DEVICE_TYPE2": "Raised Crossing",
          "STATUS": "In Service",
          "LOCATION": null,
          "YEAR_BUILT": 2017
        },
        "source_geometry": {
          "type": "Point",
          "coordinates": [
            -122.80280847356887,
            49.193212570815135
          ]
        },
        "source_geometry_crs": "EPSG:4326",
        "evidence": "authoritative_inventory",
        "verification": "municipal_record_not_field_verified",
        "status": "in_service",
        "licence": "Open Government License — City of Surrey",
        "licence_url": "https://opendata-surrey.hub.arcgis.com/pages/55089a19491a4fe59a41e059fd8af708",
        "attribution": "Contains information licensed under the Open Government License – City of Surrey.",
        "municipality": "City of Surrey",
        "province": "BC",
        "install_year": 2017
      }
    },
    {
      "type": "Feature",
      "id": "surrey:1002163849",
      "geometry": {
        "type": "Point",
        "coordinates": [
          -122.76243602842801,
          49.043747487001774
        ]
      },
      "properties": {
        "name": "Raised crosswalk",
        "feature_type": "raised_crosswalk",
        "source": "City of Surrey",
        "source_id": "1002163849",
        "source_url": "https://www.arcgis.com/home/item.html?id=9dd77c3dbf544a1989ca0f95371b6da1",
        "source_id_basis": "municipal_asset_id",
        "duplicate_source_records": [],
        "source_layer_url": "https://gisservices.surrey.ca/arcgis/rest/services/OpenData/MapServer/116",
        "source_attributes": {
          "OBJECTID": 70055,
          "FACILITYID": "1002163849",
          "DEVICE_TYPE2": "Raised Crossing",
          "STATUS": "In Service",
          "LOCATION": null,
          "YEAR_BUILT": 2020
        },
        "source_geometry": {
          "type": "Point",
          "coordinates": [
            -122.76243602842801,
            49.043747487001774
          ]
        },
        "source_geometry_crs": "EPSG:4326",
        "evidence": "authoritative_inventory",
        "verification": "municipal_record_not_field_verified",
        "status": "in_service",
        "licence": "Open Government License — City of Surrey",
        "licence_url": "https://opendata-surrey.hub.arcgis.com/pages/55089a19491a4fe59a41e059fd8af708",
        "attribution": "Contains information licensed under the Open Government License – City of Surrey.",
        "municipality": "City of Surrey",
        "province": "BC",
        "install_year": 2020
      }
    },
    {
      "type": "Feature",
      "id": "surrey:1002163856",
      "geometry": {
        "type": "Point",
        "coordinates": [
          -122.7601197933112,
          49.043770722415715
        ]
      },
      "properties": {
        "name": "Raised crosswalk",
        "feature_type": "raised_crosswalk",
        "source": "City of Surrey",
        "source_id": "1002163856",
        "source_url": "https://www.arcgis.com/home/item.html?id=9dd77c3dbf544a1989ca0f95371b6da1",
        "source_id_basis": "municipal_asset_id",
        "duplicate_source_records": [],
        "source_layer_url": "https://gisservices.surrey.ca/arcgis/rest/services/OpenData/MapServer/116",
        "source_attributes": {
          "OBJECTID": 70056,
          "FACILITYID": "1002163856",
          "DEVICE_TYPE2": "Raised Crossing",
          "STATUS": "In Service",
          "LOCATION": null,
          "YEAR_BUILT": 2020
        },
        "source_geometry": {
          "type": "Point",
          "coordinates": [
            -122.7601197933112,
            49.043770722415715
          ]
        },
        "source_geometry_crs": "EPSG:4326",
        "evidence": "authoritative_inventory",
        "verification": "municipal_record_not_field_verified",
        "status": "in_service",
        "licence": "Open Government License — City of Surrey",
        "licence_url": "https://opendata-surrey.hub.arcgis.com/pages/55089a19491a4fe59a41e059fd8af708",
        "attribution": "Contains information licensed under the Open Government License – City of Surrey.",
        "municipality": "City of Surrey",
        "province": "BC",
        "install_year": 2020
      }
    },
    {
      "type": "Feature",
      "id": "surrey:1002172241",
      "geometry": {
        "type": "Point",
        "coordinates": [
          -122.84013388255839,
          49.16819301607137
        ]
      },
      "properties": {
        "name": "Raised crosswalk — 138 St & 91 Ave",
        "feature_type": "raised_crosswalk",
        "source": "City of Surrey",
        "source_id": "1002172241",
        "source_url": "https://www.arcgis.com/home/item.html?id=9dd77c3dbf544a1989ca0f95371b6da1",
        "source_id_basis": "municipal_asset_id",
        "duplicate_source_records": [],
        "source_layer_url": "https://gisservices.surrey.ca/arcgis/rest/services/OpenData/MapServer/116",
        "source_attributes": {
          "OBJECTID": 72295,
          "FACILITYID": "1002172241",
          "DEVICE_TYPE2": "Raised Crossing",
          "STATUS": "In Service",
          "LOCATION": "138 St & 91 Ave",
          "YEAR_BUILT": 2019
        },
        "source_geometry": {
          "type": "Point",
          "coordinates": [
            -122.84013388255839,
            49.16819301607137
          ]
        },
        "source_geometry_crs": "EPSG:4326",
        "evidence": "authoritative_inventory",
        "verification": "municipal_record_not_field_verified",
        "status": "in_service",
        "licence": "Open Government License — City of Surrey",
        "licence_url": "https://opendata-surrey.hub.arcgis.com/pages/55089a19491a4fe59a41e059fd8af708",
        "attribution": "Contains information licensed under the Open Government License – City of Surrey.",
        "municipality": "City of Surrey",
        "province": "BC",
        "install_year": 2019
      }
    },
    {
      "type": "Feature",
      "id": "surrey:1002188805",
      "geometry": {
        "type": "Point",
        "coordinates": [
          -122.81222840040367,
          49.06510707500205
        ]
      },
      "properties": {
        "name": "Raised crosswalk — 3465 148 St",
        "feature_type": "raised_crosswalk",
        "source": "City of Surrey",
        "source_id": "1002188805",
        "source_url": "https://www.arcgis.com/home/item.html?id=9dd77c3dbf544a1989ca0f95371b6da1",
        "source_id_basis": "municipal_asset_id",
        "duplicate_source_records": [],
        "source_layer_url": "https://gisservices.surrey.ca/arcgis/rest/services/OpenData/MapServer/116",
        "source_attributes": {
          "OBJECTID": 72935,
          "FACILITYID": "1002188805",
          "DEVICE_TYPE2": "Raised Crossing",
          "STATUS": "In Service",
          "LOCATION": "3465 148 St",
          "YEAR_BUILT": 2018
        },
        "source_geometry": {
          "type": "Point",
          "coordinates": [
            -122.81222840040367,
            49.06510707500205
          ]
        },
        "source_geometry_crs": "EPSG:4326",
        "evidence": "authoritative_inventory",
        "verification": "municipal_record_not_field_verified",
        "status": "in_service",
        "licence": "Open Government License — City of Surrey",
        "licence_url": "https://opendata-surrey.hub.arcgis.com/pages/55089a19491a4fe59a41e059fd8af708",
        "attribution": "Contains information licensed under the Open Government License – City of Surrey.",
        "municipality": "City of Surrey",
        "province": "BC",
        "install_year": 2018
      }
    },
    {
      "type": "Feature",
      "id": "surrey:1002193209",
      "geometry": {
        "type": "Point",
        "coordinates": [
          -122.78699870328393,
          49.19838385099436
        ]
      },
      "properties": {
        "name": "Raised crosswalk",
        "feature_type": "raised_crosswalk",
        "source": "City of Surrey",
        "source_id": "1002193209",
        "source_url": "https://www.arcgis.com/home/item.html?id=9dd77c3dbf544a1989ca0f95371b6da1",
        "source_id_basis": "municipal_asset_id",
        "duplicate_source_records": [],
        "source_layer_url": "https://gisservices.surrey.ca/arcgis/rest/services/OpenData/MapServer/116",
        "source_attributes": {
          "OBJECTID": 73896,
          "FACILITYID": "1002193209",
          "DEVICE_TYPE2": "Raised Crossing",
          "STATUS": "In Service",
          "LOCATION": null,
          "YEAR_BUILT": 2018
        },
        "source_geometry": {
          "type": "Point",
          "coordinates": [
            -122.78699870328393,
            49.19838385099436
          ]
        },
        "source_geometry_crs": "EPSG:4326",
        "evidence": "authoritative_inventory",
        "verification": "municipal_record_not_field_verified",
        "status": "in_service",
        "licence": "Open Government License — City of Surrey",
        "licence_url": "https://opendata-surrey.hub.arcgis.com/pages/55089a19491a4fe59a41e059fd8af708",
        "attribution": "Contains information licensed under the Open Government License – City of Surrey.",
        "municipality": "City of Surrey",
        "province": "BC",
        "install_year": 2018
      }
    },
    {
      "type": "Feature",
      "id": "surrey:1002197106",
      "geometry": {
        "type": "Point",
        "coordinates": [
          -122.8788231705209,
          49.18443825575689
        ]
      },
      "properties": {
        "name": "Raised crosswalk",
        "feature_type": "raised_crosswalk",
        "source": "City of Surrey",
        "source_id": "1002197106",
        "source_url": "https://www.arcgis.com/home/item.html?id=9dd77c3dbf544a1989ca0f95371b6da1",
        "source_id_basis": "municipal_asset_id",
        "duplicate_source_records": [],
        "source_layer_url": "https://gisservices.surrey.ca/arcgis/rest/services/OpenData/MapServer/116",
        "source_attributes": {
          "OBJECTID": 74215,
          "FACILITYID": "1002197106",
          "DEVICE_TYPE2": "Raised Crossing",
          "STATUS": "In Service",
          "LOCATION": null,
          "YEAR_BUILT": 2017
        },
        "source_geometry": {
          "type": "Point",
          "coordinates": [
            -122.8788231705209,
            49.18443825575689
          ]
        },
        "source_geometry_crs": "EPSG:4326",
        "evidence": "authoritative_inventory",
        "verification": "municipal_record_not_field_verified",
        "status": "in_service",
        "licence": "Open Government License — City of Surrey",
        "licence_url": "https://opendata-surrey.hub.arcgis.com/pages/55089a19491a4fe59a41e059fd8af708",
        "attribution": "Contains information licensed under the Open Government License – City of Surrey.",
        "municipality": "City of Surrey",
        "province": "BC",
        "install_year": 2017
      }
    },
    {
      "type": "Feature",
      "id": "surrey:1002197108",
      "geometry": {
        "type": "Point",
        "coordinates": [
          -122.87739257325333,
          49.184500054397546
        ]
      },
      "properties": {
        "name": "Raised crosswalk",
        "feature_type": "raised_crosswalk",
        "source": "City of Surrey",
        "source_id": "1002197108",
        "source_url": "https://www.arcgis.com/home/item.html?id=9dd77c3dbf544a1989ca0f95371b6da1",
        "source_id_basis": "municipal_asset_id",
        "duplicate_source_records": [],
        "source_layer_url": "https://gisservices.surrey.ca/arcgis/rest/services/OpenData/MapServer/116",
        "source_attributes": {
          "OBJECTID": 74216,
          "FACILITYID": "1002197108",
          "DEVICE_TYPE2": "Raised Crossing",
          "STATUS": "In Service",
          "LOCATION": null,
          "YEAR_BUILT": 2017
        },
        "source_geometry": {
          "type": "Point",
          "coordinates": [
            -122.87739257325333,
            49.184500054397546
          ]
        },
        "source_geometry_crs": "EPSG:4326",
        "evidence": "authoritative_inventory",
        "verification": "municipal_record_not_field_verified",
        "status": "in_service",
        "licence": "Open Government License — City of Surrey",
        "licence_url": "https://opendata-surrey.hub.arcgis.com/pages/55089a19491a4fe59a41e059fd8af708",
        "attribution": "Contains information licensed under the Open Government License – City of Surrey.",
        "municipality": "City of Surrey",
        "province": "BC",
        "install_year": 2017
      }
    },
    {
      "type": "Feature",
      "id": "surrey:1002223530",
      "geometry": {
        "type": "Point",
        "coordinates": [
          -122.83136790067064,
          49.115470164496024
        ]
      },
      "properties": {
        "name": "Raised crosswalk",
        "feature_type": "raised_crosswalk",
        "source": "City of Surrey",
        "source_id": "1002223530",
        "source_url": "https://www.arcgis.com/home/item.html?id=9dd77c3dbf544a1989ca0f95371b6da1",
        "source_id_basis": "municipal_asset_id",
        "duplicate_source_records": [],
        "source_layer_url": "https://gisservices.surrey.ca/arcgis/rest/services/OpenData/MapServer/116",
        "source_attributes": {
          "OBJECTID": 78055,
          "FACILITYID": "1002223530",
          "DEVICE_TYPE2": "Raised Crossing",
          "STATUS": "In Service",
          "LOCATION": null,
          "YEAR_BUILT": null
        },
        "source_geometry": {
          "type": "Point",
          "coordinates": [
            -122.83136790067064,
            49.115470164496024
          ]
        },
        "source_geometry_crs": "EPSG:4326",
        "evidence": "authoritative_inventory",
        "verification": "municipal_record_not_field_verified",
        "status": "in_service",
        "licence": "Open Government License — City of Surrey",
        "licence_url": "https://opendata-surrey.hub.arcgis.com/pages/55089a19491a4fe59a41e059fd8af708",
        "attribution": "Contains information licensed under the Open Government License – City of Surrey.",
        "municipality": "City of Surrey",
        "province": "BC",
        "install_year": null
      }
    },
    {
      "type": "Feature",
      "id": "surrey:1002238099",
      "geometry": {
        "type": "Point",
        "coordinates": [
          -122.84392724910182,
          49.18169346575023
        ]
      },
      "properties": {
        "name": "Raised crosswalk",
        "feature_type": "raised_crosswalk",
        "source": "City of Surrey",
        "source_id": "1002238099",
        "source_url": "https://www.arcgis.com/home/item.html?id=9dd77c3dbf544a1989ca0f95371b6da1",
        "source_id_basis": "municipal_asset_id",
        "duplicate_source_records": [],
        "source_layer_url": "https://gisservices.surrey.ca/arcgis/rest/services/OpenData/MapServer/116",
        "source_attributes": {
          "OBJECTID": 79975,
          "FACILITYID": "1002238099",
          "DEVICE_TYPE2": "Raised Crossing",
          "STATUS": "In Service",
          "LOCATION": null,
          "YEAR_BUILT": null
        },
        "source_geometry": {
          "type": "Point",
          "coordinates": [
            -122.84392724910182,
            49.18169346575023
          ]
        },
        "source_geometry_crs": "EPSG:4326",
        "evidence": "authoritative_inventory",
        "verification": "municipal_record_not_field_verified",
        "status": "in_service",
        "licence": "Open Government License — City of Surrey",
        "licence_url": "https://opendata-surrey.hub.arcgis.com/pages/55089a19491a4fe59a41e059fd8af708",
        "attribution": "Contains information licensed under the Open Government License – City of Surrey.",
        "municipality": "City of Surrey",
        "province": "BC",
        "install_year": null
      }
    },
    {
      "type": "Feature",
      "id": "surrey:1002240498",
      "geometry": {
        "type": "Point",
        "coordinates": [
          -122.8183772331496,
          49.214305671159565
        ]
      },
      "properties": {
        "name": "Raised crosswalk",
        "feature_type": "raised_crosswalk",
        "source": "City of Surrey",
        "source_id": "1002240498",
        "source_url": "https://www.arcgis.com/home/item.html?id=9dd77c3dbf544a1989ca0f95371b6da1",
        "source_id_basis": "municipal_asset_id",
        "duplicate_source_records": [],
        "source_layer_url": "https://gisservices.surrey.ca/arcgis/rest/services/OpenData/MapServer/116",
        "source_attributes": {
          "OBJECTID": 80295,
          "FACILITYID": "1002240498",
          "DEVICE_TYPE2": "Raised Crossing",
          "STATUS": "In Service",
          "LOCATION": null,
          "YEAR_BUILT": 2020
        },
        "source_geometry": {
          "type": "Point",
          "coordinates": [
            -122.8183772331496,
            49.214305671159565
          ]
        },
        "source_geometry_crs": "EPSG:4326",
        "evidence": "authoritative_inventory",
        "verification": "municipal_record_not_field_verified",
        "status": "in_service",
        "licence": "Open Government License — City of Surrey",
        "licence_url": "https://opendata-surrey.hub.arcgis.com/pages/55089a19491a4fe59a41e059fd8af708",
        "attribution": "Contains information licensed under the Open Government License – City of Surrey.",
        "municipality": "City of Surrey",
        "province": "BC",
        "install_year": 2020
      }
    },
    {
      "type": "Feature",
      "id": "surrey:1002296060",
      "geometry": {
        "type": "Point",
        "coordinates": [
          -122.77885067607102,
          49.14628412252943
        ]
      },
      "properties": {
        "name": "Raised crosswalk",
        "feature_type": "raised_crosswalk",
        "source": "City of Surrey",
        "source_id": "1002296060",
        "source_url": "https://www.arcgis.com/home/item.html?id=9dd77c3dbf544a1989ca0f95371b6da1",
        "source_id_basis": "municipal_asset_id",
        "duplicate_source_records": [],
        "source_layer_url": "https://gisservices.surrey.ca/arcgis/rest/services/OpenData/MapServer/116",
        "source_attributes": {
          "OBJECTID": 85736,
          "FACILITYID": "1002296060",
          "DEVICE_TYPE2": "Raised Crossing",
          "STATUS": "In Service",
          "LOCATION": null,
          "YEAR_BUILT": 2023
        },
        "source_geometry": {
          "type": "Point",
          "coordinates": [
            -122.77885067607102,
            49.14628412252943
          ]
        },
        "source_geometry_crs": "EPSG:4326",
        "evidence": "authoritative_inventory",
        "verification": "municipal_record_not_field_verified",
        "status": "in_service",
        "licence": "Open Government License — City of Surrey",
        "licence_url": "https://opendata-surrey.hub.arcgis.com/pages/55089a19491a4fe59a41e059fd8af708",
        "attribution": "Contains information licensed under the Open Government License – City of Surrey.",
        "municipality": "City of Surrey",
        "province": "BC",
        "install_year": 2023
      }
    },
    {
      "type": "Feature",
      "id": "surrey:1002296071",
      "geometry": {
        "type": "Point",
        "coordinates": [
          -122.77884042432194,
          49.147587657852775
        ]
      },
      "properties": {
        "name": "Raised crosswalk",
        "feature_type": "raised_crosswalk",
        "source": "City of Surrey",
        "source_id": "1002296071",
        "source_url": "https://www.arcgis.com/home/item.html?id=9dd77c3dbf544a1989ca0f95371b6da1",
        "source_id_basis": "municipal_asset_id",
        "duplicate_source_records": [],
        "source_layer_url": "https://gisservices.surrey.ca/arcgis/rest/services/OpenData/MapServer/116",
        "source_attributes": {
          "OBJECTID": 85737,
          "FACILITYID": "1002296071",
          "DEVICE_TYPE2": "Raised Crossing",
          "STATUS": "In Service",
          "LOCATION": null,
          "YEAR_BUILT": 2023
        },
        "source_geometry": {
          "type": "Point",
          "coordinates": [
            -122.77884042432194,
            49.147587657852775
          ]
        },
        "source_geometry_crs": "EPSG:4326",
        "evidence": "authoritative_inventory",
        "verification": "municipal_record_not_field_verified",
        "status": "in_service",
        "licence": "Open Government License — City of Surrey",
        "licence_url": "https://opendata-surrey.hub.arcgis.com/pages/55089a19491a4fe59a41e059fd8af708",
        "attribution": "Contains information licensed under the Open Government License – City of Surrey.",
        "municipality": "City of Surrey",
        "province": "BC",
        "install_year": 2023
      }
    },
    {
      "type": "Feature",
      "id": "surrey:1002328420",
      "geometry": {
        "type": "Point",
        "coordinates": [
          -122.70020474880971,
          49.12707743085539
        ]
      },
      "properties": {
        "name": "Raised crosswalk",
        "feature_type": "raised_crosswalk",
        "source": "City of Surrey",
        "source_id": "1002328420",
        "source_url": "https://www.arcgis.com/home/item.html?id=9dd77c3dbf544a1989ca0f95371b6da1",
        "source_id_basis": "municipal_asset_id",
        "duplicate_source_records": [],
        "source_layer_url": "https://gisservices.surrey.ca/arcgis/rest/services/OpenData/MapServer/116",
        "source_attributes": {
          "OBJECTID": 99007,
          "FACILITYID": "1002328420",
          "DEVICE_TYPE2": "Raised Crossing",
          "STATUS": "In Service",
          "LOCATION": null,
          "YEAR_BUILT": null
        },
        "source_geometry": {
          "type": "Point",
          "coordinates": [
            -122.70020474880971,
            49.12707743085539
          ]
        },
        "source_geometry_crs": "EPSG:4326",
        "evidence": "authoritative_inventory",
        "verification": "municipal_record_not_field_verified",
        "status": "in_service",
        "licence": "Open Government License — City of Surrey",
        "licence_url": "https://opendata-surrey.hub.arcgis.com/pages/55089a19491a4fe59a41e059fd8af708",
        "attribution": "Contains information licensed under the Open Government License – City of Surrey.",
        "municipality": "City of Surrey",
        "province": "BC",
        "install_year": null
      }
    },
    {
      "type": "Feature",
      "id": "surrey:1002329054",
      "geometry": {
        "type": "Point",
        "coordinates": [
          -122.80820999628332,
          49.15748953303444
        ]
      },
      "properties": {
        "name": "Raised crosswalk",
        "feature_type": "raised_crosswalk",
        "source": "City of Surrey",
        "source_id": "1002329054",
        "source_url": "https://www.arcgis.com/home/item.html?id=9dd77c3dbf544a1989ca0f95371b6da1",
        "source_id_basis": "municipal_asset_id",
        "duplicate_source_records": [],
        "source_layer_url": "https://gisservices.surrey.ca/arcgis/rest/services/OpenData/MapServer/116",
        "source_attributes": {
          "OBJECTID": 97072,
          "FACILITYID": "1002329054",
          "DEVICE_TYPE2": "Raised Crossing",
          "STATUS": "In Service",
          "LOCATION": null,
          "YEAR_BUILT": null
        },
        "source_geometry": {
          "type": "Point",
          "coordinates": [
            -122.80820999628332,
            49.15748953303444
          ]
        },
        "source_geometry_crs": "EPSG:4326",
        "evidence": "authoritative_inventory",
        "verification": "municipal_record_not_field_verified",
        "status": "in_service",
        "licence": "Open Government License — City of Surrey",
        "licence_url": "https://opendata-surrey.hub.arcgis.com/pages/55089a19491a4fe59a41e059fd8af708",
        "attribution": "Contains information licensed under the Open Government License – City of Surrey.",
        "municipality": "City of Surrey",
        "province": "BC",
        "install_year": null
      }
    },
    {
      "type": "Feature",
      "id": "surrey:1002484991",
      "geometry": {
        "type": "Point",
        "coordinates": [
          -122.68531016428295,
          49.140906202311704
        ]
      },
      "properties": {
        "name": "Raised crosswalk — 76 Ave (192 St - 195 St)",
        "feature_type": "raised_crosswalk",
        "source": "City of Surrey",
        "source_id": "1002484991",
        "source_url": "https://www.arcgis.com/home/item.html?id=9dd77c3dbf544a1989ca0f95371b6da1",
        "source_id_basis": "municipal_asset_id",
        "duplicate_source_records": [],
        "source_layer_url": "https://gisservices.surrey.ca/arcgis/rest/services/OpenData/MapServer/116",
        "source_attributes": {
          "OBJECTID": 112441,
          "FACILITYID": "1002484991",
          "DEVICE_TYPE2": "Raised Crossing",
          "STATUS": "In Service",
          "LOCATION": "76 Ave (192 St - 195 St)",
          "YEAR_BUILT": 2021
        },
        "source_geometry": {
          "type": "Point",
          "coordinates": [
            -122.68531016428295,
            49.140906202311704
          ]
        },
        "source_geometry_crs": "EPSG:4326",
        "evidence": "authoritative_inventory",
        "verification": "municipal_record_not_field_verified",
        "status": "in_service",
        "licence": "Open Government License — City of Surrey",
        "licence_url": "https://opendata-surrey.hub.arcgis.com/pages/55089a19491a4fe59a41e059fd8af708",
        "attribution": "Contains information licensed under the Open Government License – City of Surrey.",
        "municipality": "City of Surrey",
        "province": "BC",
        "install_year": 2021
      }
    },
    {
      "type": "Feature",
      "id": "surrey:1002499292",
      "geometry": {
        "type": "Point",
        "coordinates": [
          -122.80672248372889,
          49.043953902423496
        ]
      },
      "properties": {
        "name": "Raised crosswalk — 150 St & 23 Ave",
        "feature_type": "raised_crosswalk",
        "source": "City of Surrey",
        "source_id": "1002499292",
        "source_url": "https://www.arcgis.com/home/item.html?id=9dd77c3dbf544a1989ca0f95371b6da1",
        "source_id_basis": "municipal_asset_id",
        "duplicate_source_records": [],
        "source_layer_url": "https://gisservices.surrey.ca/arcgis/rest/services/OpenData/MapServer/116",
        "source_attributes": {
          "OBJECTID": 118503,
          "FACILITYID": "1002499292",
          "DEVICE_TYPE2": "Raised Crossing",
          "STATUS": "In Service",
          "LOCATION": "150 St & 23 Ave",
          "YEAR_BUILT": 2023
        },
        "source_geometry": {
          "type": "Point",
          "coordinates": [
            -122.80672248372889,
            49.043953902423496
          ]
        },
        "source_geometry_crs": "EPSG:4326",
        "evidence": "authoritative_inventory",
        "verification": "municipal_record_not_field_verified",
        "status": "in_service",
        "licence": "Open Government License — City of Surrey",
        "licence_url": "https://opendata-surrey.hub.arcgis.com/pages/55089a19491a4fe59a41e059fd8af708",
        "attribution": "Contains information licensed under the Open Government License – City of Surrey.",
        "municipality": "City of Surrey",
        "province": "BC",
        "install_year": 2023
      }
    },
    {
      "type": "Feature",
      "id": "surrey:1002542386",
      "geometry": {
        "type": "Point",
        "coordinates": [
          -122.7758501079283,
          49.15184792823302
        ]
      },
      "properties": {
        "name": "Raised crosswalk",
        "feature_type": "raised_crosswalk",
        "source": "City of Surrey",
        "source_id": "1002542386",
        "source_url": "https://www.arcgis.com/home/item.html?id=9dd77c3dbf544a1989ca0f95371b6da1",
        "source_id_basis": "municipal_asset_id",
        "duplicate_source_records": [],
        "source_layer_url": "https://gisservices.surrey.ca/arcgis/rest/services/OpenData/MapServer/116",
        "source_attributes": {
          "OBJECTID": 129383,
          "FACILITYID": "1002542386",
          "DEVICE_TYPE2": "Raised Crossing",
          "STATUS": "In Service",
          "LOCATION": null,
          "YEAR_BUILT": null
        },
        "source_geometry": {
          "type": "Point",
          "coordinates": [
            -122.7758501079283,
            49.15184792823302
          ]
        },
        "source_geometry_crs": "EPSG:4326",
        "evidence": "authoritative_inventory",
        "verification": "municipal_record_not_field_verified",
        "status": "in_service",
        "licence": "Open Government License — City of Surrey",
        "licence_url": "https://opendata-surrey.hub.arcgis.com/pages/55089a19491a4fe59a41e059fd8af708",
        "attribution": "Contains information licensed under the Open Government License – City of Surrey.",
        "municipality": "City of Surrey",
        "province": "BC",
        "install_year": null
      }
    },
    {
      "type": "Feature",
      "id": "surrey:1002582551",
      "geometry": {
        "type": "Point",
        "coordinates": [
          -122.82882799258303,
          49.11270989771991
        ]
      },
      "properties": {
        "name": "Raised crosswalk",
        "feature_type": "raised_crosswalk",
        "source": "City of Surrey",
        "source_id": "1002582551",
        "source_url": "https://www.arcgis.com/home/item.html?id=9dd77c3dbf544a1989ca0f95371b6da1",
        "source_id_basis": "municipal_asset_id",
        "duplicate_source_records": [],
        "source_layer_url": "https://gisservices.surrey.ca/arcgis/rest/services/OpenData/MapServer/116",
        "source_attributes": {
          "OBJECTID": 142199,
          "FACILITYID": "1002582551",
          "DEVICE_TYPE2": "Raised Crossing",
          "STATUS": "In Service",
          "LOCATION": null,
          "YEAR_BUILT": 2022
        },
        "source_geometry": {
          "type": "Point",
          "coordinates": [
            -122.82882799258303,
            49.11270989771991
          ]
        },
        "source_geometry_crs": "EPSG:4326",
        "evidence": "authoritative_inventory",
        "verification": "municipal_record_not_field_verified",
        "status": "in_service",
        "licence": "Open Government License — City of Surrey",
        "licence_url": "https://opendata-surrey.hub.arcgis.com/pages/55089a19491a4fe59a41e059fd8af708",
        "attribution": "Contains information licensed under the Open Government License – City of Surrey.",
        "municipality": "City of Surrey",
        "province": "BC",
        "install_year": 2022
      }
    },
    {
      "type": "Feature",
      "id": "surrey:objectid:155954",
      "geometry": {
        "type": "Point",
        "coordinates": [
          -122.7733945368056,
          49.170094967745015
        ]
      },
      "properties": {
        "name": "Raised crosswalk — 9193 162 St",
        "feature_type": "raised_crosswalk",
        "source": "City of Surrey",
        "source_id": "objectid:155954",
        "source_url": "https://www.arcgis.com/home/item.html?id=9dd77c3dbf544a1989ca0f95371b6da1",
        "source_id_basis": "service_object_id_snapshot_scoped",
        "duplicate_source_records": [],
        "source_layer_url": "https://gisservices.surrey.ca/arcgis/rest/services/OpenData/MapServer/116",
        "source_attributes": {
          "OBJECTID": 155954,
          "FACILITYID": null,
          "DEVICE_TYPE2": "Raised Crossing",
          "STATUS": "In Service",
          "LOCATION": "9193 162 St",
          "YEAR_BUILT": 2026
        },
        "source_geometry": {
          "type": "Point",
          "coordinates": [
            -122.7733945368056,
            49.170094967745015
          ]
        },
        "source_geometry_crs": "EPSG:4326",
        "evidence": "authoritative_inventory",
        "verification": "municipal_record_not_field_verified",
        "status": "in_service",
        "licence": "Open Government License — City of Surrey",
        "licence_url": "https://opendata-surrey.hub.arcgis.com/pages/55089a19491a4fe59a41e059fd8af708",
        "attribution": "Contains information licensed under the Open Government License – City of Surrey.",
        "municipality": "City of Surrey",
        "province": "BC",
        "install_year": 2026
      }
    },
    {
      "type": "Feature",
      "id": "surrey:objectid:155977",
      "geometry": {
        "type": "Point",
        "coordinates": [
          -122.87428475754386,
          49.184504221220514
        ]
      },
      "properties": {
        "name": "Raised crosswalk",
        "feature_type": "raised_crosswalk",
        "source": "City of Surrey",
        "source_id": "objectid:155977",
        "source_url": "https://www.arcgis.com/home/item.html?id=9dd77c3dbf544a1989ca0f95371b6da1",
        "source_id_basis": "service_object_id_snapshot_scoped",
        "duplicate_source_records": [],
        "source_layer_url": "https://gisservices.surrey.ca/arcgis/rest/services/OpenData/MapServer/116",
        "source_attributes": {
          "OBJECTID": 155977,
          "FACILITYID": null,
          "DEVICE_TYPE2": "Raised Crossing",
          "STATUS": "In Service",
          "LOCATION": null,
          "YEAR_BUILT": 2025
        },
        "source_geometry": {
          "type": "Point",
          "coordinates": [
            -122.87428475754386,
            49.184504221220514
          ]
        },
        "source_geometry_crs": "EPSG:4326",
        "evidence": "authoritative_inventory",
        "verification": "municipal_record_not_field_verified",
        "status": "in_service",
        "licence": "Open Government License — City of Surrey",
        "licence_url": "https://opendata-surrey.hub.arcgis.com/pages/55089a19491a4fe59a41e059fd8af708",
        "attribution": "Contains information licensed under the Open Government License – City of Surrey.",
        "municipality": "City of Surrey",
        "province": "BC",
        "install_year": 2025
      }
    },
    {
      "type": "Feature",
      "id": "surrey:objectid:155978",
      "geometry": {
        "type": "Point",
        "coordinates": [
          -122.87134387532771,
          49.184477182383574
        ]
      },
      "properties": {
        "name": "Raised crosswalk — 12666 100 Ave",
        "feature_type": "raised_crosswalk",
        "source": "City of Surrey",
        "source_id": "objectid:155978",
        "source_url": "https://www.arcgis.com/home/item.html?id=9dd77c3dbf544a1989ca0f95371b6da1",
        "source_id_basis": "service_object_id_snapshot_scoped",
        "duplicate_source_records": [],
        "source_layer_url": "https://gisservices.surrey.ca/arcgis/rest/services/OpenData/MapServer/116",
        "source_attributes": {
          "OBJECTID": 155978,
          "FACILITYID": null,
          "DEVICE_TYPE2": "Raised Crossing",
          "STATUS": "In Service",
          "LOCATION": "12666 100 Ave",
          "YEAR_BUILT": 2025
        },
        "source_geometry": {
          "type": "Point",
          "coordinates": [
            -122.87134387532771,
            49.184477182383574
          ]
        },
        "source_geometry_crs": "EPSG:4326",
        "evidence": "authoritative_inventory",
        "verification": "municipal_record_not_field_verified",
        "status": "in_service",
        "licence": "Open Government License — City of Surrey",
        "licence_url": "https://opendata-surrey.hub.arcgis.com/pages/55089a19491a4fe59a41e059fd8af708",
        "attribution": "Contains information licensed under the Open Government License – City of Surrey.",
        "municipality": "City of Surrey",
        "province": "BC",
        "install_year": 2025
      }
    },
    {
      "type": "Feature",
      "id": "surrey:objectid:155980",
      "geometry": {
        "type": "Point",
        "coordinates": [
          -122.88408142056858,
          49.15216401421501
        ]
      },
      "properties": {
        "name": "Raised crosswalk — 12226 82 Ave",
        "feature_type": "raised_crosswalk",
        "source": "City of Surrey",
        "source_id": "objectid:155980",
        "source_url": "https://www.arcgis.com/home/item.html?id=9dd77c3dbf544a1989ca0f95371b6da1",
        "source_id_basis": "service_object_id_snapshot_scoped",
        "duplicate_source_records": [],
        "source_layer_url": "https://gisservices.surrey.ca/arcgis/rest/services/OpenData/MapServer/116",
        "source_attributes": {
          "OBJECTID": 155980,
          "FACILITYID": null,
          "DEVICE_TYPE2": "Raised Crossing",
          "STATUS": "In Service",
          "LOCATION": "12226 82 Ave",
          "YEAR_BUILT": 2025
        },
        "source_geometry": {
          "type": "Point",
          "coordinates": [
            -122.88408142056858,
            49.15216401421501
          ]
        },
        "source_geometry_crs": "EPSG:4326",
        "evidence": "authoritative_inventory",
        "verification": "municipal_record_not_field_verified",
        "status": "in_service",
        "licence": "Open Government License — City of Surrey",
        "licence_url": "https://opendata-surrey.hub.arcgis.com/pages/55089a19491a4fe59a41e059fd8af708",
        "attribution": "Contains information licensed under the Open Government License – City of Surrey.",
        "municipality": "City of Surrey",
        "province": "BC",
        "install_year": 2025
      }
    },
    {
      "type": "Feature",
      "id": "surrey:objectid:155981",
      "geometry": {
        "type": "Point",
        "coordinates": [
          -122.88281519868113,
          49.152119895574394
        ]
      },
      "properties": {
        "name": "Raised crosswalk — 12274 82 Ave",
        "feature_type": "raised_crosswalk",
        "source": "City of Surrey",
        "source_id": "objectid:155981",
        "source_url": "https://www.arcgis.com/home/item.html?id=9dd77c3dbf544a1989ca0f95371b6da1",
        "source_id_basis": "service_object_id_snapshot_scoped",
        "duplicate_source_records": [],
        "source_layer_url": "https://gisservices.surrey.ca/arcgis/rest/services/OpenData/MapServer/116",
        "source_attributes": {
          "OBJECTID": 155981,
          "FACILITYID": null,
          "DEVICE_TYPE2": "Raised Crossing",
          "STATUS": "In Service",
          "LOCATION": "12274 82 Ave",
          "YEAR_BUILT": 2025
        },
        "source_geometry": {
          "type": "Point",
          "coordinates": [
            -122.88281519868113,
            49.152119895574394
          ]
        },
        "source_geometry_crs": "EPSG:4326",
        "evidence": "authoritative_inventory",
        "verification": "municipal_record_not_field_verified",
        "status": "in_service",
        "licence": "Open Government License — City of Surrey",
        "licence_url": "https://opendata-surrey.hub.arcgis.com/pages/55089a19491a4fe59a41e059fd8af708",
        "attribution": "Contains information licensed under the Open Government License – City of Surrey.",
        "municipality": "City of Surrey",
        "province": "BC",
        "install_year": 2025
      }
    }
  ]
}
